method,K,d_b,nbytes,CR_byte_64,channel,n_subjects,PRD_mean,PRD_std,PRDN_mean,PRDN_std,RMSE_mean,RMSE_std
DCT-Fixed-LF,64,2,272,30.12,ACCx,15,23.3316,5.0055,70.9313,4.2033,0.1198,0.0189
DCT-Fixed-LF,64,2,272,30.12,ACCy,15,21.3731,2.5671,67.9498,4.2225,0.1165,0.0106
DCT-Fixed-LF,64,2,272,30.12,ACCz,15,27.0268,4.2268,66.316,4.3776,0.1051,0.0146
DCT-Fixed-LF,64,2,272,30.12,PPG,15,79.5045,4.2441,79.5919,4.2304,54.0373,17.6559
DCT-Fixed-LF,128,4,528,15.52,ACCx,15,19.3634,4.5848,60.3797,4.3431,0.0991,0.0174
DCT-Fixed-LF,128,4,528,15.52,ACCy,15,16.585,2.1551,54.7981,2.904,0.0865,0.0107
DCT-Fixed-LF,128,4,528,15.52,ACCz,15,21.0199,3.9158,54.9519,3.8924,0.0841,0.0128
DCT-Fixed-LF,128,4,528,15.52,PPG,15,40.9225,5.1387,40.9677,5.1411,27.7014,9.0171
DCT-Fixed-LF,256,8,1040,7.88,ACCx,15,14.4506,3.415,47.0188,3.4779,0.0748,0.0138
DCT-Fixed-LF,256,8,1040,7.88,ACCy,15,11.8998,1.5937,41.49,2.7784,0.0592,0.0088
DCT-Fixed-LF,256,8,1040,7.88,ACCz,15,15.4247,2.9462,43.2045,3.4987,0.0634,0.01
DCT-Fixed-LF,256,8,1040,7.88,PPG,15,13.9621,2.6396,13.9777,2.6416,9.3177,2.865
DCT-Fixed-LF,512,16,2064,3.97,ACCx,15,9.328,2.1502,31.754,2.4283,0.0491,0.0089
DCT-Fixed-LF,512,16,2064,3.97,ACCy,15,7.8041,0.9453,28.0804,1.8715,0.0372,0.0057
DCT-Fixed-LF,512,16,2064,3.97,ACCz,15,9.3566,1.6959,28.9059,2.471,0.0405,0.0058
DCT-Fixed-LF,512,16,2064,3.97,PPG,15,1.5172,0.4496,1.5191,0.45,1.0213,0.295
