subject,method,channel,PRD_mean,PRDN_mean,RMSE_mean,valid_windows
S1,AE,PPG,12.3786,12.3935,10.3002,1151
S1,AE,ACCx,13.7626,134.1786,0.0736,1151
S1,AE,ACCy,26.6608,4335.1994,0.0889,1135
S1,AE,ACCz,13.843,255.47,0.0699,1151
S2,AE,PPG,23.4621,23.4845,6.8957,1025
S2,AE,ACCx,15.6584,94.3123,0.0713,1025
S2,AE,ACCy,30.0922,1477.6336,0.0861,1025
S2,AE,ACCz,16.0061,128.861,0.0668,1025
S3,AE,PPG,15.427,15.4488,7.9546,1092
S3,AE,ACCx,17.1374,131.5753,0.0686,1092
S3,AE,ACCy,24.6526,446.8961,0.0938,1092
S3,AE,ACCz,14.2049,93.1511,0.0701,1092
S1,DCT_equal_dim,PPG,5.1204,5.1262,4.4044,1151
S1,DCT_equal_dim,ACCx,5.8047,24.1505,0.0312,1151
S1,DCT_equal_dim,ACCy,11.3859,43.0188,0.047,1135
S1,DCT_equal_dim,ACCz,7.137,29.2824,0.0351,1151
S2,DCT_equal_dim,PPG,13.2947,13.3064,4.1568,1025
S2,DCT_equal_dim,ACCx,5.8471,21.9431,0.0279,1025
S2,DCT_equal_dim,ACCy,12.3438,42.337,0.0438,1025
S2,DCT_equal_dim,ACCz,7.8637,26.8089,0.0318,1025
S3,DCT_equal_dim,PPG,8.3063,8.3168,3.8635,1092
S3,DCT_equal_dim,ACCx,7.3768,22.7611,0.0297,1092
S3,DCT_equal_dim,ACCy,12.5943,40.4206,0.0468,1092
S3,DCT_equal_dim,ACCz,6.8856,27.0075,0.0334,1092
S1,DCT_equal_byte,PPG,7.5874,7.5961,6.5498,1151
S1,DCT_equal_byte,ACCx,8.5837,35.5831,0.0459,1151
S1,DCT_equal_byte,ACCy,14.3591,51.8201,0.0612,1135
S1,DCT_equal_byte,ACCz,10.2229,40.4349,0.0499,1151
S2,DCT_equal_byte,PPG,18.9921,19.0084,5.9276,1025
S2,DCT_equal_byte,ACCx,8.5332,31.7239,0.0409,1025
S2,DCT_equal_byte,ACCy,15.495,51.1418,0.0561,1025
S2,DCT_equal_byte,ACCz,11.0736,36.9033,0.0445,1025
S3,DCT_equal_byte,PPG,11.709,11.7242,5.5662,1092
S3,DCT_equal_byte,ACCx,10.5232,32.2956,0.0426,1092
S3,DCT_equal_byte,ACCy,15.4951,48.9389,0.0605,1092
S3,DCT_equal_byte,ACCz,9.6924,37.6078,0.0467,1092
