method,channel,subjects_count,PRD_mean,PRD_std,PRDN_mean,PRDN_std,RMSE_mean,RMSE_std
AE,PPG,3,17.0892,4.675,17.1089,4.6776,8.3835,1.4226
AE,ACCx,3,15.5195,1.3813,120.0221,18.2106,0.0712,0.002
AE,ACCy,3,27.1352,2.2459,2086.5764,1644.7561,0.0896,0.0032
AE,ACCz,3,14.6847,0.946,159.1607,69.6439,0.0689,0.0015
DCT_equal_dim,PPG,3,8.9071,3.3641,8.9165,3.3664,4.1416,0.2211
DCT_equal_dim,ACCx,3,6.3429,0.7313,22.9516,0.9112,0.0296,0.0013
DCT_equal_dim,ACCy,3,12.108,0.5207,41.9255,1.0999,0.0459,0.0015
DCT_equal_dim,ACCz,3,7.2954,0.4147,27.6996,1.1221,0.0334,0.0013
DCT_equal_byte,PPG,3,12.7628,4.7152,12.7762,4.7181,6.0145,0.4062
DCT_equal_byte,ACCx,3,9.2134,0.9264,33.2009,1.7006,0.0431,0.0021
DCT_equal_byte,ACCy,3,15.1164,0.5355,50.6336,1.2299,0.0593,0.0023
DCT_equal_byte,ACCz,3,10.3296,0.5689,38.3153,1.5261,0.047,0.0022
