method,comparison_type,db,channel,metric,step8_mean,step4_mean,absolute_difference,relative_difference_pct
AE,equal_dim,2,ACCx,PRD,26.8684,26.8456,-0.0228,-0.08
AE,equal_dim,2,ACCx,PRDN,212.0574,236.4704,24.413,11.51
AE,equal_dim,2,ACCx,RMSE,0.1307,0.1307,0.0,0.03
AE,equal_dim,2,ACCy,PRD,45.712,45.3765,-0.3355,-0.73
AE,equal_dim,2,ACCy,PRDN,2126.324,2133.1704,6.8463,0.32
AE,equal_dim,2,ACCy,RMSE,0.154,0.154,-0.0,-0.02
AE,equal_dim,2,ACCz,PRD,33.2228,33.276,0.0532,0.16
AE,equal_dim,2,ACCz,PRDN,184.1168,179.7806,-4.3361,-2.36
AE,equal_dim,2,ACCz,RMSE,0.1238,0.1239,0.0001,0.05
AE,equal_dim,2,PPG,PRD,45.6372,45.6596,0.0224,0.05
AE,equal_dim,2,PPG,PRDN,45.6957,45.7174,0.0217,0.05
AE,equal_dim,2,PPG,RMSE,28.8586,28.8776,0.019,0.07
AE,equal_dim,4,ACCx,PRD,19.7846,19.7706,-0.014,-0.07
AE,equal_dim,4,ACCx,PRDN,128.8854,139.0479,10.1625,7.88
AE,equal_dim,4,ACCx,RMSE,0.0984,0.0984,0.0,0.0
AE,equal_dim,4,ACCy,PRD,28.2897,28.199,-0.0907,-0.32
AE,equal_dim,4,ACCy,PRDN,1037.0417,1035.5876,-1.4541,-0.14
AE,equal_dim,4,ACCy,RMSE,0.1185,0.1185,0.0,0.01
AE,equal_dim,4,ACCz,PRD,25.4832,25.4973,0.014,0.06
AE,equal_dim,4,ACCz,PRDN,135.7536,131.977,-3.7766,-2.78
AE,equal_dim,4,ACCz,RMSE,0.0987,0.0986,-0.0,-0.01
AE,equal_dim,4,PPG,PRD,19.883,19.8836,0.0006,0.0
AE,equal_dim,4,PPG,PRDN,19.9063,19.9068,0.0005,0.0
AE,equal_dim,4,PPG,RMSE,12.5133,12.5163,0.003,0.02
AE,equal_dim,8,ACCx,PRD,13.1068,13.0969,-0.0099,-0.08
AE,equal_dim,8,ACCx,PRDN,85.2128,91.0156,5.8028,6.81
AE,equal_dim,8,ACCx,RMSE,0.0664,0.0664,0.0,0.04
AE,equal_dim,8,ACCy,PRD,19.1506,19.0834,-0.0672,-0.35
AE,equal_dim,8,ACCy,PRDN,590.9636,587.0259,-3.9377,-0.67
AE,equal_dim,8,ACCy,RMSE,0.0839,0.0839,0.0,0.01
AE,equal_dim,8,ACCz,PRD,16.8735,16.8829,0.0094,0.06
AE,equal_dim,8,ACCz,PRDN,80.6421,78.4349,-2.2072,-2.74
AE,equal_dim,8,ACCz,RMSE,0.0673,0.0673,-0.0,-0.02
AE,equal_dim,8,PPG,PRD,13.2949,13.2925,-0.0024,-0.02
AE,equal_dim,8,PPG,PRDN,13.3106,13.3081,-0.0025,-0.02
AE,equal_dim,8,PPG,RMSE,8.2912,8.2896,-0.0016,-0.02
AE,equal_dim,16,ACCx,PRD,5.2972,5.2939,-0.0033,-0.06
AE,equal_dim,16,ACCx,PRDN,59.1169,64.9386,5.8217,9.85
AE,equal_dim,16,ACCx,RMSE,0.0251,0.0251,0.0,0.17
AE,equal_dim,16,ACCy,PRD,15.4582,15.4213,-0.037,-0.24
AE,equal_dim,16,ACCy,PRDN,437.9082,437.5174,-0.3907,-0.09
AE,equal_dim,16,ACCy,RMSE,0.0664,0.0665,0.0,0.03
AE,equal_dim,16,ACCz,PRD,10.1477,10.1584,0.0107,0.11
AE,equal_dim,16,ACCz,PRDN,61.6686,59.6511,-2.0174,-3.27
AE,equal_dim,16,ACCz,RMSE,0.0421,0.0422,0.0,0.06
AE,equal_dim,16,PPG,PRD,8.1262,8.1259,-0.0003,-0.0
AE,equal_dim,16,PPG,PRDN,8.1358,8.1354,-0.0004,-0.01
AE,equal_dim,16,PPG,RMSE,4.8943,4.8944,0.0002,0.0
DCT,equal_dim,2,ACCx,PRD,17.3943,17.3969,0.0027,0.02
DCT,equal_dim,2,ACCx,PRDN,58.8938,58.8948,0.001,0.0
DCT,equal_dim,2,ACCx,RMSE,0.0882,0.0882,0.0,0.02
DCT,equal_dim,2,ACCy,PRD,21.3571,21.3396,-0.0176,-0.08
DCT,equal_dim,2,ACCy,PRDN,71.8744,71.3946,-0.4798,-0.67
DCT,equal_dim,2,ACCy,RMSE,0.1014,0.1014,0.0,0.03
DCT,equal_dim,2,ACCz,PRD,22.5916,22.5895,-0.002,-0.01
DCT,equal_dim,2,ACCz,PRDN,60.4674,60.4743,0.0069,0.01
DCT,equal_dim,2,ACCz,RMSE,0.0883,0.0883,-0.0,-0.01
DCT,equal_dim,2,PPG,PRD,23.9995,23.996,-0.0035,-0.01
DCT,equal_dim,2,PPG,PRDN,24.0279,24.0241,-0.0038,-0.02
DCT,equal_dim,2,PPG,RMSE,14.943,14.9498,0.0068,0.05
DCT,equal_dim,4,ACCx,PRD,11.9997,12.0048,0.0051,0.04
DCT,equal_dim,4,ACCx,PRDN,41.8386,41.8647,0.0261,0.06
DCT,equal_dim,4,ACCx,RMSE,0.061,0.061,0.0,0.07
DCT,equal_dim,4,ACCy,PRD,16.801,16.8038,0.0028,0.02
DCT,equal_dim,4,ACCy,PRDN,56.1081,56.0779,-0.0302,-0.05
DCT,equal_dim,4,ACCy,RMSE,0.0778,0.0778,0.0,0.02
DCT,equal_dim,4,ACCz,PRD,16.3162,16.3206,0.0044,0.03
DCT,equal_dim,4,ACCz,PRDN,45.539,45.542,0.003,0.01
DCT,equal_dim,4,ACCz,RMSE,0.0646,0.0646,-0.0,-0.01
DCT,equal_dim,4,PPG,PRD,14.5078,14.5147,0.007,0.05
DCT,equal_dim,4,PPG,PRDN,14.5248,14.5316,0.0068,0.05
DCT,equal_dim,4,PPG,RMSE,8.7437,8.7463,0.0026,0.03
DCT,equal_dim,8,ACCx,PRD,6.6812,6.6838,0.0026,0.04
DCT,equal_dim,8,ACCx,PRDN,23.7992,23.8196,0.0204,0.09
DCT,equal_dim,8,ACCx,RMSE,0.0339,0.0339,0.0,0.07
DCT,equal_dim,8,ACCy,PRD,11.8922,11.8975,0.0053,0.04
DCT,equal_dim,8,ACCy,PRDN,41.8766,41.8345,-0.0422,-0.1
DCT,equal_dim,8,ACCy,RMSE,0.0524,0.0525,0.0,0.05
DCT,equal_dim,8,ACCz,PRD,9.6622,9.6675,0.0054,0.06
DCT,equal_dim,8,ACCz,PRDN,27.871,27.8725,0.0016,0.01
DCT,equal_dim,8,ACCz,RMSE,0.0387,0.0387,0.0,0.07
DCT,equal_dim,8,PPG,PRD,7.9669,7.9601,-0.0068,-0.08
DCT,equal_dim,8,PPG,PRDN,7.9762,7.9693,-0.0069,-0.09
DCT,equal_dim,8,PPG,RMSE,4.6933,4.6884,-0.0049,-0.1
DCT,equal_dim,16,ACCx,PRD,2.1782,2.177,-0.0011,-0.05
DCT,equal_dim,16,ACCx,PRDN,8.1108,8.134,0.0231,0.29
DCT,equal_dim,16,ACCx,RMSE,0.0109,0.0109,0.0,0.05
DCT,equal_dim,16,ACCy,PRD,5.744,5.7476,0.0035,0.06
DCT,equal_dim,16,ACCy,PRDN,21.7511,21.7328,-0.0183,-0.08
DCT,equal_dim,16,ACCy,RMSE,0.0238,0.0238,0.0,0.05
DCT,equal_dim,16,ACCz,PRD,3.3562,3.3596,0.0034,0.1
DCT,equal_dim,16,ACCz,PRDN,10.0972,10.0985,0.0012,0.01
DCT,equal_dim,16,ACCz,RMSE,0.0135,0.0136,0.0,0.11
DCT,equal_dim,16,PPG,PRD,3.2545,3.2575,0.0031,0.09
DCT,equal_dim,16,PPG,PRDN,3.2583,3.2613,0.003,0.09
DCT,equal_dim,16,PPG,RMSE,1.8893,1.8899,0.0007,0.04
AE,equal_byte,2,ACCx,PRD,26.8684,26.8456,-0.0228,-0.08
AE,equal_byte,2,ACCx,PRDN,212.0574,236.4704,24.413,11.51
AE,equal_byte,2,ACCx,RMSE,0.1307,0.1307,0.0,0.03
AE,equal_byte,2,ACCy,PRD,45.712,45.3765,-0.3355,-0.73
AE,equal_byte,2,ACCy,PRDN,2126.324,2133.1704,6.8463,0.32
AE,equal_byte,2,ACCy,RMSE,0.154,0.154,-0.0,-0.02
AE,equal_byte,2,ACCz,PRD,33.2228,33.276,0.0532,0.16
AE,equal_byte,2,ACCz,PRDN,184.1168,179.7806,-4.3361,-2.36
AE,equal_byte,2,ACCz,RMSE,0.1238,0.1239,0.0001,0.05
AE,equal_byte,2,PPG,PRD,45.6372,45.6596,0.0224,0.05
AE,equal_byte,2,PPG,PRDN,45.6957,45.7174,0.0217,0.05
AE,equal_byte,2,PPG,RMSE,28.8586,28.8776,0.019,0.07
AE,equal_byte,4,ACCx,PRD,19.7846,19.7706,-0.014,-0.07
AE,equal_byte,4,ACCx,PRDN,128.8854,139.0479,10.1625,7.88
AE,equal_byte,4,ACCx,RMSE,0.0984,0.0984,0.0,0.0
AE,equal_byte,4,ACCy,PRD,28.2897,28.199,-0.0907,-0.32
AE,equal_byte,4,ACCy,PRDN,1037.0417,1035.5876,-1.4541,-0.14
AE,equal_byte,4,ACCy,RMSE,0.1185,0.1185,0.0,0.01
AE,equal_byte,4,ACCz,PRD,25.4832,25.4973,0.014,0.06
AE,equal_byte,4,ACCz,PRDN,135.7536,131.977,-3.7766,-2.78
AE,equal_byte,4,ACCz,RMSE,0.0987,0.0986,-0.0,-0.01
AE,equal_byte,4,PPG,PRD,19.883,19.8836,0.0006,0.0
AE,equal_byte,4,PPG,PRDN,19.9063,19.9068,0.0005,0.0
AE,equal_byte,4,PPG,RMSE,12.5133,12.5163,0.003,0.02
AE,equal_byte,8,ACCx,PRD,13.1068,13.0969,-0.0099,-0.08
AE,equal_byte,8,ACCx,PRDN,85.2128,91.0156,5.8028,6.81
AE,equal_byte,8,ACCx,RMSE,0.0664,0.0664,0.0,0.04
AE,equal_byte,8,ACCy,PRD,19.1506,19.0834,-0.0672,-0.35
AE,equal_byte,8,ACCy,PRDN,590.9636,587.0259,-3.9377,-0.67
AE,equal_byte,8,ACCy,RMSE,0.0839,0.0839,0.0,0.01
AE,equal_byte,8,ACCz,PRD,16.8735,16.8829,0.0094,0.06
AE,equal_byte,8,ACCz,PRDN,80.6421,78.4349,-2.2072,-2.74
AE,equal_byte,8,ACCz,RMSE,0.0673,0.0673,-0.0,-0.02
AE,equal_byte,8,PPG,PRD,13.2949,13.2925,-0.0024,-0.02
AE,equal_byte,8,PPG,PRDN,13.3106,13.3081,-0.0025,-0.02
AE,equal_byte,8,PPG,RMSE,8.2912,8.2896,-0.0016,-0.02
AE,equal_byte,16,ACCx,PRD,5.2972,5.2939,-0.0033,-0.06
AE,equal_byte,16,ACCx,PRDN,59.1169,64.9386,5.8217,9.85
AE,equal_byte,16,ACCx,RMSE,0.0251,0.0251,0.0,0.17
AE,equal_byte,16,ACCy,PRD,15.4582,15.4213,-0.037,-0.24
AE,equal_byte,16,ACCy,PRDN,437.9082,437.5174,-0.3907,-0.09
AE,equal_byte,16,ACCy,RMSE,0.0664,0.0665,0.0,0.03
AE,equal_byte,16,ACCz,PRD,10.1477,10.1584,0.0107,0.11
AE,equal_byte,16,ACCz,PRDN,61.6686,59.6511,-2.0174,-3.27
AE,equal_byte,16,ACCz,RMSE,0.0421,0.0422,0.0,0.06
AE,equal_byte,16,PPG,PRD,8.1262,8.1259,-0.0003,-0.0
AE,equal_byte,16,PPG,PRDN,8.1358,8.1354,-0.0004,-0.01
AE,equal_byte,16,PPG,RMSE,4.8943,4.8944,0.0002,0.0
DCT,equal_byte,2,ACCx,PRD,20.3913,20.4035,0.0123,0.06
DCT,equal_byte,2,ACCx,PRDN,67.3781,67.423,0.045,0.07
DCT,equal_byte,2,ACCx,RMSE,0.1034,0.1034,0.0,0.05
DCT,equal_byte,2,ACCy,PRD,23.9607,23.9482,-0.0125,-0.05
DCT,equal_byte,2,ACCy,PRDN,82.866,81.3876,-1.4784,-1.78
DCT,equal_byte,2,ACCy,RMSE,0.1149,0.1149,0.0001,0.06
DCT,equal_byte,2,ACCz,PRD,26.1407,26.1356,-0.0051,-0.02
DCT,equal_byte,2,ACCz,PRDN,68.0545,68.051,-0.0035,-0.01
DCT,equal_byte,2,ACCz,RMSE,0.1016,0.1016,-0.0,-0.01
DCT,equal_byte,2,PPG,PRD,31.97,31.967,-0.003,-0.01
DCT,equal_byte,2,PPG,PRDN,32.0083,32.0049,-0.0034,-0.01
DCT,equal_byte,2,PPG,RMSE,20.3445,20.3544,0.0099,0.05
DCT,equal_byte,4,ACCx,PRD,15.2267,15.2281,0.0014,0.01
DCT,equal_byte,4,ACCx,PRDN,52.4188,52.4104,-0.0084,-0.02
DCT,equal_byte,4,ACCx,RMSE,0.0773,0.0773,0.0,0.02
DCT,equal_byte,4,ACCy,PRD,19.5255,19.5145,-0.0111,-0.06
DCT,equal_byte,4,ACCy,PRDN,66.2542,65.9028,-0.3514,-0.53
DCT,equal_byte,4,ACCy,RMSE,0.0919,0.0919,-0.0,-0.0
DCT,equal_byte,4,ACCz,PRD,20.0754,20.0873,0.0119,0.06
DCT,equal_byte,4,ACCz,PRDN,54.7941,54.8206,0.0265,0.05
DCT,equal_byte,4,ACCz,RMSE,0.0788,0.0788,0.0,0.04
DCT,equal_byte,4,PPG,PRD,19.6337,19.6232,-0.0105,-0.05
DCT,equal_byte,4,PPG,PRDN,19.6569,19.6461,-0.0108,-0.05
DCT,equal_byte,4,PPG,RMSE,12.0512,12.0511,-0.0001,-0.0
DCT,equal_byte,8,ACCx,PRD,9.7838,9.7918,0.0079,0.08
DCT,equal_byte,8,ACCx,PRDN,34.3462,34.3747,0.0285,0.08
DCT,equal_byte,8,ACCx,RMSE,0.0497,0.0498,0.0001,0.11
DCT,equal_byte,8,ACCy,PRD,14.8582,14.8618,0.0036,0.02
DCT,equal_byte,8,ACCy,PRDN,50.5869,50.5686,-0.0183,-0.04
DCT,equal_byte,8,ACCy,RMSE,0.0676,0.0676,0.0,0.03
DCT,equal_byte,8,ACCz,PRD,13.6236,13.6268,0.0033,0.02
DCT,equal_byte,8,ACCz,PRDN,38.5103,38.5061,-0.0042,-0.01
DCT,equal_byte,8,ACCz,RMSE,0.0542,0.0542,0.0,0.0
DCT,equal_byte,8,PPG,PRD,11.5693,11.5688,-0.0005,-0.0
DCT,equal_byte,8,PPG,PRDN,11.5829,11.5822,-0.0007,-0.01
DCT,equal_byte,8,PPG,RMSE,6.8973,6.8963,-0.001,-0.01
DCT,equal_byte,16,ACCx,PRD,4.647,4.6467,-0.0003,-0.01
DCT,equal_byte,16,ACCx,PRDN,16.7633,16.7912,0.0279,0.17
DCT,equal_byte,16,ACCx,RMSE,0.0235,0.0235,0.0,0.06
DCT,equal_byte,16,ACCy,PRD,9.5934,9.5992,0.0058,0.06
DCT,equal_byte,16,ACCy,PRDN,34.6414,34.6265,-0.015,-0.04
DCT,equal_byte,16,ACCy,RMSE,0.0413,0.0413,0.0,0.03
DCT,equal_byte,16,ACCz,PRD,6.9146,6.9203,0.0058,0.08
DCT,equal_byte,16,ACCz,PRDN,20.2235,20.219,-0.0045,-0.02
DCT,equal_byte,16,ACCz,RMSE,0.0278,0.0278,0.0,0.1
DCT,equal_byte,16,PPG,PRD,5.822,5.8204,-0.0015,-0.03
DCT,equal_byte,16,PPG,PRDN,5.8288,5.8271,-0.0017,-0.03
DCT,equal_byte,16,PPG,RMSE,3.4062,3.4041,-0.0021,-0.06
