subject,ppg_samples,acc_samples,ppg_duration_sec,acc_duration_sec,has_nan,has_inf,notes
S1,589568,294784,9212.0,9212.0,False,False,OK
S2,525120,262560,8205.0,8205.0,False,False,OK
S3,559424,279712,8741.0,8741.0,False,False,OK
S4,585600,292800,9150.0,9150.0,False,False,OK
S5,595520,297760,9305.0,9305.0,False,False,OK
S6,336000,168000,5250.0,5250.0,False,False,OK
S7,597952,298976,9343.0,9343.0,False,False,OK
S8,517120,258560,8080.0,8080.0,False,False,OK
S9,547840,273920,8560.0,8560.0,False,False,OK
S10,681472,340736,10648.0,10648.0,False,False,OK
S11,579072,289536,9048.0,9048.0,False,False,OK
S12,506496,253248,7914.0,7914.0,False,False,OK
S13,584704,292352,9136.0,9136.0,False,False,OK
S14,573312,286656,8958.0,8958.0,False,False,OK
S15,508096,254048,7939.0,7939.0,False,False,OK
