subject,comparison_type,db,budget,channel,prd_mean_ae,prd_mean_dct,delta_prd_mean,ae_wins_prd,prdn_mean_ae,prdn_mean_dct,delta_prdn_mean,ae_wins_prdn,rmse_mean_ae,rmse_mean_dct,delta_rmse_mean,ae_wins_rmse,delta_prd_median,delta_prdn_median,delta_rmse_median
S1,equal_dim,16,16,PPG,6.150509378458773,2.0468735163959964,4.103635862062777,False,6.157627101698752,2.049204268380509,4.108422833318244,False,5.251236081998059,1.7683263208359608,3.482909761162098,False,3.750374542369956,3.758312981037821,3.032382689696848
S1,equal_dim,16,16,ACCx,5.042239638663706,1.8581564545587061,3.184083184105,False,77.82285199373548,7.809131849607682,70.0137201441278,False,0.026280208389647494,0.010048323472910679,0.016231884916736813,False,2.673324930836984,9.659242515860779,0.012288058196042161
S1,equal_dim,16,16,ACCy,15.38552515204528,5.530654640124868,9.854870511920414,False,1559.8006816268223,23.94184156967998,1535.8588400571423,False,0.05690063145338438,0.021203682439635198,0.03569694901374918,False,6.109913289095514,21.51919672739391,0.016639508856777833
S1,equal_dim,16,16,ACCz,7.140857953643768,2.413789291897734,4.727068661746034,False,79.0255068668456,10.486159793132748,68.53934707371286,False,0.03747332756948053,0.01203668959777567,0.02543663797170486,False,3.273136312812423,14.293931296299363,0.017273007565329707
S2,equal_dim,16,16,PPG,12.35411999956918,5.279317283421472,7.074802716147708,False,12.365953357256206,5.284235779378902,7.0817175778773045,False,3.8993852620302447,1.6752698519502982,2.2241154100799463,False,6.464671328474452,6.465669650928988,1.7166639824442194
S2,equal_dim,16,16,ACCx,5.175040840622545,1.941267006494655,3.23377383412789,False,36.07311754259251,7.423731469167792,28.649386073424722,False,0.022664901724382045,0.009135023277170636,0.013529878447211409,False,2.2489834122837093,8.70896202291469,0.009036710426523566
S2,equal_dim,16,16,ACCy,15.884696683811137,5.999098131076435,9.885598552734702,False,400.02162327725233,21.74291615020823,378.2787071270441,False,0.05746435005098666,0.019717477852896848,0.03774687219808981,False,6.533128777873406,24.65606844370545,0.02288847592365751
S2,equal_dim,16,16,ACCz,7.665968987365839,2.72575738365528,4.940211603710559,False,46.57600923771285,9.790945541698534,36.78506369601432,False,0.03318201980974255,0.01094964287351202,0.02223237693623053,False,3.728039565289552,13.057595871698613,0.014457444864835266
S3,equal_dim,16,16,PPG,8.211475835343629,3.624653573645512,4.586822261698117,False,8.22194062543459,3.629081912671441,4.592858712763149,False,4.017640447115761,1.6128798831894748,2.4047605639262866,False,3.89376118418891,3.899578853176247,2.179249106597259
S3,equal_dim,16,16,ACCx,6.043903496511715,2.524503772119325,3.5193997243923896,False,53.91880877703211,7.909538332280628,46.009270444751486,False,0.02375824463326775,0.010000605322173818,0.01375763931109393,False,3.0157929749694747,8.672895366451518,0.010203343498857827
S3,equal_dim,16,16,ACCy,15.640738374065366,6.052985222866387,9.587753151198978,False,188.8764410920565,20.320594186484815,168.55584690557168,False,0.06488492565300064,0.02062659488111465,0.044258330771885984,False,5.733655917619264,24.45751779737602,0.026211444411257077
S3,equal_dim,16,16,ACCz,7.518905227551338,2.383399247258777,5.135505980292561,False,38.43246545235126,9.606595481118458,28.8258699712328,False,0.038890101084966565,0.011650630911058103,0.027239470173908462,False,3.909640063558825,14.235935349734323,0.01622061503084137
S1,equal_dim,8,8,PPG,9.10371358594726,5.120397283618877,3.983316302328382,False,9.114022204632558,5.12620232658673,3.987819878045828,False,7.900435942970504,4.404366601579848,3.4960693413906565,False,4.054634224023337,4.072773265975088,3.2481798052028914
S1,equal_dim,8,8,ACCx,10.981519876357346,5.8046629129268705,5.176856963430476,False,80.96013945406376,24.150514011132298,56.80962544293146,False,0.05991672709798582,0.03120153094166387,0.028715196156321947,False,3.0254497370839397,14.591336630271531,0.015520286441957038
S1,equal_dim,8,8,ACCy,19.008110549571985,11.38586609367754,7.622244455894444,False,2290.1522640430317,43.01883480067331,2247.1334292423585,False,0.07103407811605761,0.04634883341442279,0.02468524470163482,False,5.768882494548515,11.767740728459572,0.005662208450422465
S1,equal_dim,8,8,ACCz,12.165034223170693,7.137039050749625,5.027995172421068,False,94.00307119696105,29.28238630658384,64.7206848903772,False,0.06047871886498784,0.03506390325830623,0.025414815606681608,False,3.5558116119703076,15.268373161369386,0.019079390423560664
S2,equal_dim,8,8,PPG,17.89994044959991,13.29465670299124,4.60528374660867,False,17.916103734078327,13.306438859100037,4.609664874978289,False,5.601877376943746,4.156821349994378,1.4450560269493682,False,6.255451627406927,6.259830702832723,1.4105005014908363
S2,equal_dim,8,8,ACCx,11.997030437085813,5.847117248658609,6.149913188427204,False,56.23868574562277,21.94312036353901,34.29556538208376,False,0.05830895857321188,0.02789216859023703,0.03041678998297485,False,3.8288941149725257,15.755974261994066,0.01594243955366098
S2,equal_dim,8,8,ACCy,19.95616503635958,12.343819838272717,7.612345198086862,False,617.290751250624,42.33699868893742,574.9537525616865,False,0.07104941140399713,0.043752692997499676,0.02729671840649746,False,6.088988164898869,17.69809625162585,0.012015718331061333
S2,equal_dim,8,8,ACCz,13.954369936983495,7.863681245035908,6.090688691947587,False,63.394361504568444,26.808925305491897,36.58543619907655,False,0.05770223386522263,0.031784337539221955,0.025917896326000674,False,4.7248037620465,17.343358586278633,0.01970309222997881
S3,equal_dim,8,8,PPG,11.615225203619442,8.3063282264933,3.3088969771261425,False,11.630555236729363,8.316802961850717,3.313752274878645,False,5.919085492907803,3.863455781568195,2.0556297113396083,False,3.8599191497342193,3.859482964157337,2.1758906887830856
S3,equal_dim,8,8,ACCx,13.561663736014198,7.376778368938788,6.1848853670754105,False,66.57342200175572,22.761070467836724,43.81235153391899,False,0.05569505547710697,0.029743733354751358,0.025951322122355614,False,4.847634867610749,14.391261407133737,0.017158205711765892
S3,equal_dim,8,8,ACCy,18.92436230816304,12.594295535205381,6.330066772957659,False,215.28370415797866,40.42064761491318,174.86305654306548,False,0.08011597702721879,0.046822134147819806,0.03329384287939898,False,4.714080552635846,16.80125357691817,0.012776229382772057
S3,equal_dim,8,8,ACCz,12.585401674213424,6.885592286352142,5.699809387861282,False,56.020864186209806,27.007476085701207,29.0133881005086,False,0.062232476387580095,0.0334179194351879,0.028814556952392198,False,4.182036596431595,18.220079300040904,0.019891631778170105
S1,equal_dim,4,4,PPG,14.371314917382046,9.717155663989164,4.654159253392882,False,14.387180618282226,9.728336723530024,4.658843894752202,False,12.527484957033266,8.412895645743388,4.114589311289878,False,4.117989932697615,4.136465189907117,3.2888427722317113
S1,equal_dim,4,4,ACCx,16.761617008733232,10.620611649487236,6.141005359245996,False,131.70166508381658,43.65487261561392,88.04679246820265,False,0.08953927785897839,0.05669319418846835,0.03284608367051004,False,3.114149951537817,24.104464343821164,0.01831554930482742
S1,equal_dim,4,4,ACCy,29.202519614076685,16.425607847767417,12.776911766309269,False,3910.994538142556,57.83899169022994,3853.155546452326,False,0.11062835370256753,0.07021157176986195,0.04041678193270558,False,10.75731099705409,20.883569960966973,0.012813935239174644
S1,equal_dim,4,4,ACCz,20.126304900729906,12.356181238577689,7.770123662152217,False,239.47687400991614,47.88245270904325,191.5944213008729,False,0.09611444876082867,0.060001098978920864,0.036113349781907805,False,4.0563989071369395,28.940842737100745,0.02319382244532686
S2,equal_dim,4,4,PPG,29.169497768705988,23.525202440153866,5.644295328552122,False,29.195310066313006,23.545317185248987,5.649992881064019,False,8.766649279371826,7.3565821708041765,1.4100671085676497,False,6.863558439962578,6.8687495756018215,1.3637406290130798
S2,equal_dim,4,4,ACCx,18.391694958693947,10.386844621210267,8.00485033748368,False,99.59460149987919,38.37944997615956,61.215151523719626,False,0.08547455251002536,0.049760388007833715,0.03571416450219165,False,4.852446094619113,27.472007047762567,0.0280314381191148
S2,equal_dim,4,4,ACCy,27.753077398984104,17.434893507652948,10.318183891331156,False,905.7225140165767,56.38027431978746,849.3422396967893,False,0.10475071168927515,0.06431539426203847,0.040435317427236675,False,9.918785631932794,28.649926343993805,0.02515040157865927
S2,equal_dim,4,4,ACCz,21.92152300268962,13.289945630665457,8.631577372024164,False,126.69666833153427,43.69570618823676,83.0009621432975,False,0.08627855441019502,0.053283910832620796,0.03299464357757423,False,6.076820882483641,25.734374206454028,0.02572978114740198
S3,equal_dim,4,4,PPG,17.59244291683353,14.397088960386728,3.1953539564468016,False,17.616457581781614,14.416033000087157,3.200424581694456,False,9.030252267043808,6.972132957761547,2.0581193092822616,False,4.067323495199002,4.055135958428716,2.075805732720972
S3,equal_dim,4,4,ACCx,20.494874229969057,12.814544704675143,7.680329525293914,False,124.06918340915362,39.269473439444546,84.79970996970908,False,0.08020486065565104,0.05171948259947247,0.028485378056178567,False,5.097766043376492,24.985072733957402,0.02535564301606276
S3,equal_dim,4,4,ACCy,27.26485237379206,17.31195357396728,9.95289879982478,False,305.6247737111172,54.289308524720326,251.33546518639687,False,0.11315109575316998,0.06957843071582792,0.04357266503734206,False,8.226695898458416,27.848570374633425,0.01529564999368592
S3,equal_dim,4,4,ACCz,18.69042101839149,11.579333440256447,7.111087578135043,False,83.67070956076797,44.4131843788589,39.257525181909074,False,0.08788060439881396,0.0554954882065701,0.03238511619224386,False,5.015152458825877,27.109075669384737,0.026530046098545118
S1,equal_dim,2,2,PPG,36.15102644005506,17.709915595756595,18.441110844298468,False,36.196521511871836,17.730546487365366,18.46597502450647,False,31.515455415772593,15.41365978848839,16.101795627284204,False,19.330293486206862,19.366015500409414,16.541530960597015
S1,equal_dim,2,2,ACCx,22.549255757295924,15.777087996146077,6.772167761149847,False,238.39102695551802,61.649977272215814,176.7410496833022,False,0.11970242984437389,0.08386595324694138,0.03583647659743251,False,5.057645381754677,25.67199064339976,0.021410573805166908
S1,equal_dim,2,2,ACCy,53.1473827777215,21.511409071652285,31.63597370606922,False,8063.648683691924,71.2818008187656,7992.366882873158,False,0.1579308501493939,0.09383416939911061,0.06409668075028328,False,18.54038036566193,31.699192713256195,0.046444350637737095
S1,equal_dim,2,2,ACCz,26.610036245160213,17.334226795364398,9.275809449795815,False,244.31195414561085,63.25674498196988,181.05520916364097,False,0.12427514073381495,0.08310116928489465,0.041173971448920293,False,5.80380209555514,34.30188956973379,0.03564228052791962
S2,equal_dim,2,2,PPG,61.68821979112986,36.24767571583172,25.440544075298142,False,61.74538628331134,36.27840630841978,25.466979974891558,False,18.25300170152094,11.515591402612364,6.737410298908577,False,22.559066131878076,22.756760935871043,6.59161396157195
S2,equal_dim,2,2,ACCx,23.583707569212496,14.968108168690923,8.615599400521573,False,133.61185194515775,54.39715608120274,79.21469586395501,False,0.10826981482638982,0.07153221201901759,0.03673760280737223,False,5.617240375489022,30.46836400890715,0.030898689333011174
S2,equal_dim,2,2,ACCy,38.97480392087116,21.738693443516972,17.236110477354188,False,1200.3019529745723,67.59250077360784,1132.7094522009645,False,0.13062788176162585,0.08341919772123763,0.04720868404038822,False,11.607166339783124,26.270675326115978,0.020970035804248735
S2,equal_dim,2,2,ACCz,27.31374568505307,18.222890104054013,9.090855580999058,False,148.49951372932324,58.11963266966607,90.37988105965718,False,0.10318403608927866,0.07245694419993347,0.030727091889345193,False,6.5726372272072435,26.98333058542258,0.030164075120331306
S3,equal_dim,2,2,PPG,45.63967755602998,23.451930271108555,22.187747284921425,False,45.70976305081202,23.484238761607102,22.22552428920492,False,25.14173750245011,12.08763270961522,13.05410479283489,False,22.40830477028716,22.43163594171418,12.405705557038413
S3,equal_dim,2,2,ACCx,26.31953180974385,18.440176300764726,7.879355508979124,False,163.66319598645111,55.47135624562885,108.19183974082227,False,0.10384228593224079,0.07395397412523608,0.029888311807004714,False,6.807913604510084,23.800820378941253,0.02491524147335436
S3,equal_dim,2,2,ACCy,44.007354894358755,21.739351480909527,22.26800341344923,False,740.0450849584051,66.78656493444905,673.2585200239561,False,0.1477356887417778,0.09175398605689528,0.055981702684882534,False,15.176699389487819,32.097370096190204,0.04705880994937672
S3,equal_dim,2,2,ACCz,24.03930457804121,15.799072869869727,8.240231708171484,False,112.25808853220084,58.28631443124823,53.971774100952615,False,0.10959751129965419,0.07505743489099088,0.0345400764086633,False,7.263040051628359,29.223508603327886,0.03253939447596492
S4,equal_dim,16,16,PPG,10.478226103791576,4.184093787981799,6.294132315809777,False,10.487893049829779,4.187919679275178,6.299973370554601,False,5.372568100352761,2.177982284414898,3.194585815937863,False,6.401626108404807,6.408259246617174,2.9147742057047177
S4,equal_dim,16,16,ACCx,4.499076621213394,2.220378818610664,2.2786978026027302,False,25.853542774197642,7.381586219580497,18.471956554617144,False,0.023560387279121915,0.011880572409158113,0.011679814869963803,False,1.790812069756747,6.236701166676355,0.007535848520715998
S4,equal_dim,16,16,ACCy,13.174875565550273,5.092418017557141,8.082457547993133,False,102.95902151424899,21.43815333949119,81.5208681747578,False,0.07382563171488912,0.025253877470769865,0.04857175424411926,False,6.607598672669054,30.62697522106938,0.031004371905881064
S4,equal_dim,16,16,ACCz,9.779869610550445,3.528247882455684,6.2516217280947615,False,38.208853389204045,9.7289112163684,28.479942172835642,False,0.0412274441594473,0.014948628761389126,0.026278815398058174,False,4.756062323259015,13.37293286156706,0.016142999962019868
S5,equal_dim,16,16,PPG,8.03668957637158,2.6144552905207687,5.422234285850812,False,8.05128556884999,2.6194020865345995,5.43188348231539,False,6.979822028706632,2.378941232660728,4.600880796045904,False,5.243618333644132,5.247803789784733,4.398270819121279
S5,equal_dim,16,16,ACCx,5.513964042441759,2.600820628020448,2.913143414421311,False,21.755513380753484,7.943517887969293,13.811995492784192,False,0.02767445322588107,0.013332390414718655,0.014342062811162414,False,2.18530041358821,8.032975305339777,0.011365232613999065
S5,equal_dim,16,16,ACCy,22.178836197829344,8.137709749324651,14.041126448504693,False,65.29189894202341,20.76509353169914,44.52680541032427,False,0.08246987514239354,0.029311949360536143,0.05315792578185739,False,8.320379372835017,32.6993187626092,0.04681790392214247
S5,equal_dim,16,16,ACCz,12.686520034624612,4.372968453057466,8.313551581567147,False,37.423214338053924,10.709408074052348,26.713806264001576,False,0.04829041921750416,0.01702732186064812,0.03126309735685604,False,7.133928928723625,17.56400840611759,0.023764886015230482
S6,equal_dim,16,16,PPG,8.16867115149501,3.5857039298946223,4.582967221600388,False,8.177184799663767,3.5895727754944815,4.587612024169285,False,5.789009170314695,2.6058419303818194,3.1831672399328754,False,4.059776053626468,4.0585582714387485,2.849556415330292
S6,equal_dim,16,16,ACCx,5.237856738782317,2.4483621137688867,2.7894946250134303,False,36.26096786506016,8.59588789366376,27.665079971396402,False,0.0313734375168678,0.014474628188780652,0.01689880932808715,False,1.9811401080501785,6.859455929664624,0.010431061380286556
S6,equal_dim,16,16,ACCy,15.509105697071785,5.615368735639039,9.893736961432747,False,153.2723145666091,19.4610006349009,133.8113139317082,False,0.08997272189905632,0.03134211986542192,0.0586306020336344,False,6.763227208510109,27.583710131070678,0.04957188436500876
S6,equal_dim,16,16,ACCz,13.460839590372302,4.4697680550307854,8.991071535341517,False,88.46565140366518,10.812423663952156,77.65322773971302,False,0.05627233931846922,0.01880957165650228,0.03746276766196694,False,7.495548268690058,15.808136448725707,0.02400725065129511
S4,equal_dim,8,8,PPG,19.874450908353232,10.417526661362803,9.456924246990429,False,19.892577251517814,10.427046740175134,9.46553051134268,False,9.796441723857594,5.457360767172866,4.339080956684728,False,10.502521745231018,10.512216935720623,3.9225347748400132
S4,equal_dim,8,8,ACCx,13.05001946355814,6.742799186648823,6.307220276909317,False,54.580053646246164,21.802372293274484,32.77768135297168,False,0.0703081934964936,0.036189923495441395,0.034118270001052206,False,3.95582214866151,17.002644714362916,0.01882099203324023
S4,equal_dim,8,8,ACCy,15.502728719832538,10.685024019892762,4.817704699939776,False,122.06830191817167,41.95005686402867,80.118245054143,False,0.08858273593097757,0.05547215703045223,0.033110578900525336,False,4.872763077366711,22.11744422306775,0.0132969889485752
S4,equal_dim,8,8,ACCz,16.971496567004312,9.939235867754842,7.03226069924947,False,58.099597624764435,26.847443324618258,31.252154300146177,False,0.07035099745158419,0.04164094908678007,0.028710048364804112,False,5.278334443164215,15.003246238198809,0.01611007945266473
S5,equal_dim,8,8,PPG,17.27805977309878,6.637125878067325,10.640933895031454,False,17.31028037428576,6.649919744414315,10.660360629871445,False,14.707175779167363,5.94287568537668,8.764300093790684,False,10.509080483276026,10.512845672604632,8.750202293372883
S5,equal_dim,8,8,ACCx,16.008126675361467,8.099308826157527,7.90881784920394,False,52.83274687808188,24.645554583555725,28.187192294526152,False,0.08390353287230137,0.041992263224541033,0.04191126964776034,False,5.614190135016392,20.150260836203174,0.027192726602004405
S5,equal_dim,8,8,ACCy,24.688275500637587,16.436851904092872,8.251423596544715,False,69.82758884752631,40.76495801556909,29.06263083195722,False,0.09855500331903014,0.06276808858938993,0.03578691472964021,False,5.9292172153535,26.829079186025368,0.03265102945406477
S5,equal_dim,8,8,ACCz,21.641947836030855,12.50394069537983,9.138007140651025,False,55.730231473699526,29.624094390018996,26.10613708368053,False,0.07989075956267093,0.04829810064378072,0.03159265891889021,False,8.019804612285274,19.47813255958205,0.02566279343008432
S6,equal_dim,8,8,PPG,16.044931460187716,8.85282143636509,7.192110023822625,False,16.061944212472305,8.862383532239031,7.199560680233274,False,11.24440567301612,6.481222919425059,4.763182753591061,False,7.599249204927498,7.593734167268238,4.957832923770012
S6,equal_dim,8,8,ACCx,15.669160956720944,7.497203101446439,8.171957855274506,False,87.25456483494834,24.36282841282725,62.89173642212109,False,0.09448947180968964,0.04449584355611381,0.04999362825357583,False,4.986048676649801,18.79074991650615,0.02866897085191865
S6,equal_dim,8,8,ACCy,18.490059008862854,12.390335357343613,6.099723651519241,False,175.14674631413936,40.65205805030396,134.4946882638354,False,0.10907736350173902,0.07087227703898333,0.038205086462755694,False,4.292402693886647,19.869695166510084,0.03748559109614255
S6,equal_dim,8,8,ACCz,22.081344973471037,12.711449170908114,9.369895802562922,False,125.62443907626735,29.259219341739975,96.36521973452737,False,0.08787147694002448,0.05273041284054672,0.03514106409947776,False,8.208656038887622,18.520187954726268,0.02890485070628747
S4,equal_dim,4,4,PPG,25.57797209053645,18.942406904708537,6.635565185827911,False,25.60172582069224,18.95965854237602,6.6420672783162225,False,12.858018666973916,9.973546824934557,2.8844718420393587,False,7.4317537273765915,7.4307047670787725,2.193392039895768
S4,equal_dim,4,4,ACCx,19.35720278238412,11.971610216043763,7.3855925663403585,False,73.76442503875366,38.42507279492853,35.339352243825125,False,0.10415487951509995,0.06429984012640651,0.03985503938869345,False,5.814816373550718,21.82094044222555,0.02799344876660289
S4,equal_dim,4,4,ACCy,21.291517975740145,15.318379133470314,5.973138842269831,False,178.40096429430537,56.07511434934191,122.32584994496347,False,0.11899587995709644,0.08282191240833513,0.036173967548761315,False,5.809774798211189,25.063993845157825,0.021152527835490348
S4,equal_dim,4,4,ACCz,25.539410654338802,16.44649618698438,9.092914467354422,False,85.04335883020329,43.4776355508851,41.56572327931819,False,0.10361907157031504,0.06821770999678192,0.035401361573533116,False,6.877371172038906,22.433795480954046,0.02581112730294305
S5,equal_dim,4,4,PPG,23.175365930402517,12.426043680983053,10.749322249419464,False,23.21755212215203,12.450118382305112,10.767433739846917,False,19.795924275661893,10.992496749170954,8.803427526490939,False,10.490236753301195,10.514443297817312,9.696012324562595
S5,equal_dim,4,4,ACCx,22.368445982495853,14.548246399865793,7.82019958263006,False,75.05956035244826,44.39883800847204,30.660722343976218,False,0.11486684364758322,0.07585942620069068,0.03900741744689254,False,5.511430971132603,22.400414302133036,0.03188550833336039
S5,equal_dim,4,4,ACCy,42.08539115509741,22.62286092759156,19.46253022750585,False,138.3012255953876,55.027229446627636,83.27399614875995,False,0.14615052265645306,0.09049433648922904,0.05565618616722402,False,11.34850471570097,45.1192488516778,0.05020538280222682
S5,equal_dim,4,4,ACCz,32.31520178299354,20.73934378023588,11.57585800275766,False,84.990202210319,47.956312885434244,37.033889324884754,False,0.11739372307062707,0.07902277956540607,0.038370943505220995,False,10.067458212642244,25.08704443223374,0.035313516996234195
S6,equal_dim,4,4,PPG,21.230051141429513,15.965390489136375,5.264660652293138,False,21.252761213493535,15.982876524480954,5.2698846890125814,False,15.042564617399762,11.658730525539848,3.3838340918599137,False,6.660801435451466,6.69566054334938,3.254510648368157
S6,equal_dim,4,4,ACCx,23.28699464030974,13.425551806004716,9.861442834305024,False,123.644027203627,41.585289894074485,82.05873730955253,False,0.13370263218865105,0.07961830090982464,0.05408433127882642,False,8.779581863995443,25.49293720431615,0.041217609845591474
S6,equal_dim,4,4,ACCy,26.584429329927367,18.03972821977526,8.544701110152108,False,471.9904231278447,56.94646599357997,415.0439571342647,False,0.14812343291499394,0.10532617491424351,0.04279725800075043,False,8.55678497735072,24.97145293784463,0.041525874835999954
S6,equal_dim,4,4,ACCz,32.3897332511177,21.023754590100005,11.365978661017692,False,213.21264553404257,46.682077565239844,166.53056796880273,False,0.1238087349601827,0.08552424298545898,0.03828449197472372,False,9.440531339626599,22.482778983381053,0.03192448926346579
S4,equal_dim,2,2,PPG,51.83492317949652,30.316403637269516,21.518519542227004,False,51.886879138705766,30.344340944592087,21.54253819411368,False,25.23039274527729,16.003542082701617,9.226850662575671,False,20.82557362350106,20.80639856939035,8.255210294466387
S4,equal_dim,2,2,ACCx,25.001721763358415,16.949974546331973,8.051747217026442,False,126.04298920355518,53.925403139607376,72.11758606394781,False,0.13241801093388725,0.09098795742064003,0.04143005351324722,False,6.576550713942797,23.047534755992174,0.02787694100099357
S4,equal_dim,2,2,ACCy,27.27428079512477,19.41353800968815,7.860742785436621,False,243.3869229686525,67.84429979892278,175.54262316972972,False,0.14581116022025425,0.10657872319056585,0.0392324370296884,False,7.372322122109354,26.414480139346495,0.02484221089412174
S4,equal_dim,2,2,ACCz,32.60550560422756,22.42061110327654,10.184894500951021,False,135.60294179518422,57.57932156414697,78.02362023103726,False,0.12514923118454102,0.09226732350969963,0.03288190767484139,False,9.147513353819637,23.576443380807973,0.026777026450238967
S5,equal_dim,2,2,PPG,47.21544857261101,21.15733727465727,26.05811129795374,False,47.30490806437143,21.198554285653007,26.106353778718425,False,41.78269203193089,18.61342661610735,23.169265415823542,False,25.72303406525796,25.76327871262965,21.886546640301894
S5,equal_dim,2,2,ACCx,30.025719869609585,20.846591253155236,9.17912861645435,False,110.06603785785593,62.54254238470755,47.52349547314838,False,0.15259638472633932,0.10846609912278884,0.04413028560355048,False,7.29293036744378,27.606982425702483,0.040723807532126
S5,equal_dim,2,2,ACCy,56.415081016145784,28.224973091446376,28.190107924699408,False,179.3811609566976,67.30199990996161,112.079161046736,False,0.17341806100036988,0.11441073057836053,0.059007330422009355,False,15.261127707661696,35.635730938375644,0.055983947571354
S5,equal_dim,2,2,ACCz,40.7944027377951,28.14522898528927,12.649173752505835,False,103.74273384819097,63.32411107917013,40.418622769020836,False,0.13960437749084506,0.10609898487523116,0.0335053926156139,False,9.54177468795261,24.69956257741663,0.030727472359173474
S6,equal_dim,2,2,PPG,46.05062683981493,25.2705657989004,20.780061040914532,False,46.10193811959046,25.29872060328481,20.803217516305647,False,32.87308321532241,18.475447433893024,14.397635781429386,False,20.096293475762437,20.1804180533425,13.226633616033528
S6,equal_dim,2,2,ACCx,29.59779041664799,19.53846997322645,10.059320443421537,False,218.4155074290316,58.58932649570007,159.82618093333153,False,0.17061477590248525,0.11498452637749423,0.055630249524991016,False,9.396621875396427,26.695824905676588,0.04970752029713904
S6,equal_dim,2,2,ACCy,33.63791819208541,22.8703763588004,10.767541833285009,False,521.7512907915019,70.40005486174276,451.3512359297591,False,0.18491293904240863,0.13534854771229554,0.04956439133011309,False,12.251028992584686,28.43532317207533,0.05546817510074986
S6,equal_dim,2,2,ACCz,39.209771826996246,28.28772869019634,10.922043136799907,False,267.53776215752816,60.75014476093239,206.78761739659578,False,0.1459857032586902,0.11313537041465593,0.03285033284403427,False,8.991537045541293,21.717178560841035,0.028855691386920693
S7,equal_dim,16,16,PPG,7.538023714726797,3.077667340022346,4.460356374704451,False,7.544516858023749,3.0804227061375906,4.464094151886158,False,3.8426364915536073,1.5738200922827872,2.26881639927082,False,4.332696710022102,4.334216735633971,2.215840236810074
S7,equal_dim,16,16,ACCx,3.936625985539734,1.6876337006127875,2.2489922849269464,False,49.86824502248596,7.042258723939576,42.82598629854638,False,0.019440429813654472,0.008672992323124868,0.010767437490529604,False,1.6617577801275196,7.306307894029186,0.008041288842131764
S7,equal_dim,16,16,ACCy,11.154425206841404,3.7303267773075652,7.424098429533839,False,362.5802749772609,18.133226451939144,344.44704852532175,False,0.060726749024495645,0.018716808612492163,0.04200994041200348,False,5.73110062735337,26.005852875084294,0.02205942338604365
S7,equal_dim,16,16,ACCz,10.990447144099758,3.5461345479454023,7.444312596154355,False,68.19782170352781,9.107840372545782,59.08998133098203,False,0.03574955452739409,0.010940068949140907,0.02480948557825318,False,5.207273916440561,15.650940047320631,0.015460364448750728
S8,equal_dim,16,16,PPG,11.054877847839897,4.613184744354936,6.441693103484961,False,11.070929336053354,4.619507939574942,6.451421396478412,False,3.9918123580327967,1.6543569110716125,2.337455446961184,False,5.50830746341866,5.515497982703409,1.9786716920886853
S8,equal_dim,16,16,ACCx,3.8199995433651304,1.57043724917056,2.24956229419457,False,35.28000960710401,7.333149930575865,27.94685967652815,False,0.020321109279551018,0.008595469930174165,0.011725639349376853,False,1.4661948615333271,7.951305724172718,0.007778256265328881
S8,equal_dim,16,16,ACCy,12.477260180925239,4.383849176514451,8.093411004410788,False,113.57379523506624,18.876616853468647,94.6971783815976,False,0.05994040342562566,0.01852682436476155,0.04141357906086411,False,5.804295914608101,22.86670309733232,0.02546166057726136
S8,equal_dim,16,16,ACCz,8.440705602041497,2.3833077176821327,6.057397884359364,False,44.01569739314044,9.25328052014307,34.76241687299737,False,0.040025417041082686,0.010710915657663488,0.0293145013834192,False,4.300725664348256,15.542512694420608,0.016528435546096724
S9,equal_dim,16,16,PPG,10.92890255384398,4.650862931835113,6.278039622008866,False,10.943427431413491,4.656590657220278,6.286836774193214,False,6.629594006484063,2.300027058797048,4.329566947687015,False,6.555053593848824,6.5606785973444,4.1060484691693775
S9,equal_dim,16,16,ACCx,4.375967515965501,2.003263435936677,2.3727040800288237,False,42.24927395109076,7.322639581525665,34.92663436956509,False,0.024563758194242082,0.011624810841353205,0.012938947352888877,False,2.0076105211739623,7.446058001417596,0.010882720094556094
S9,equal_dim,16,16,ACCy,12.922955853473043,4.861972325516411,8.060983527956633,False,295.11067194443524,20.617342218920346,274.4933297255149,False,0.06936376430414459,0.02549870044490142,0.04386506385924317,False,6.526491388992319,22.52651551166304,0.028823595901777098
S9,equal_dim,16,16,ACCz,9.773671462915965,3.146705939992959,6.6269655229230064,False,98.57398454710518,10.001679498642682,88.5723050484625,False,0.044721514308706946,0.0149046697370958,0.029816844571611146,False,5.469211831436301,15.526885616203277,0.024394314305460945
S7,equal_dim,8,8,PPG,11.488106670305738,7.536340263868469,3.951766406437269,False,11.498198325525632,7.543108445904726,3.955089879620906,False,5.934266753526936,3.9035085899567257,2.0307581635702103,False,4.40275418746494,4.416727649776631,2.1823082814846018
S7,equal_dim,8,8,ACCx,10.02888166548882,5.182174136452273,4.8467075290365464,False,78.1651889707835,20.804778355342254,57.36041061544125,False,0.05183057989660272,0.02670568330943341,0.025124896587169307,False,3.0346074346382523,14.017600959207016,0.015064740279409874
S7,equal_dim,8,8,ACCy,15.180377795965185,8.116461242271335,7.063916553693851,False,647.1684759592787,35.99113137766512,611.1773445816135,False,0.07985572003664936,0.042146139495220614,0.03770958054142874,False,6.473640997767343,27.130118880724023,0.01633576089459475
S7,equal_dim,8,8,ACCz,16.846842969542106,10.012495996011964,6.834346973530142,False,71.63856423003006,24.617387807857572,47.02117642217249,False,0.053269761402221595,0.0310772582610503,0.022192503141171296,False,4.558197985980764,14.63751115728693,0.013969903077402965
S8,equal_dim,8,8,PPG,15.756031651623605,11.0772871156741,4.678744535949505,False,15.778327396821748,11.09259749595533,4.685729900866418,False,6.008543782412784,4.054699628475811,1.9538441539369726,False,5.365344764708958,5.37365745776734,1.8282901120832893
S8,equal_dim,8,8,ACCx,9.6622117815562,4.816036938174642,4.846174843381558,False,56.62664665539541,21.778483012155604,34.84816364323981,False,0.053236325188011094,0.026225616243025423,0.02701070894498567,False,3.017072215653557,16.43184020573385,0.015713824432935515
S8,equal_dim,8,8,ACCy,16.308608307790184,9.245389886962824,7.06321842082736,False,135.45578252585918,36.64770093897138,98.8080815868878,False,0.08124637302845328,0.04103334706946982,0.04021302595898346,False,6.956247229729376,27.46955194352548,0.01978880951335187
S8,equal_dim,8,8,ACCz,12.774332475730924,6.898067401542163,5.876265074188761,False,53.56813027282143,25.366190632686536,28.201939640134892,False,0.056807482168004735,0.030503309676236007,0.026304172491768727,False,4.551092133621235,18.19951595384852,0.019544015376575477
S9,equal_dim,8,8,PPG,16.922936845961807,10.772656784553577,6.15028006140823,False,16.944938609430874,10.786135210989974,6.1588033984409005,False,10.903031016820776,5.795621728627347,5.10740928819343,False,7.556706524819416,7.5455340862934674,4.376998442772129
S9,equal_dim,8,8,ACCx,12.163901637664315,6.301065659561165,5.86283597810315,False,69.90927082199067,21.689225379101742,48.22004544288893,False,0.07002860112623244,0.036643812129146316,0.03338478899708612,False,4.302239494619721,16.050659383862836,0.020885417202352773
S9,equal_dim,8,8,ACCy,17.321917128486902,10.583846166291732,6.73807096219517,False,492.9451412832258,40.42920925838182,452.51593202484395,False,0.09347394516560624,0.056746051245091994,0.036727893920514246,False,6.966712718477715,21.700874880546564,0.02028366162524123
S9,equal_dim,8,8,ACCz,15.40279280627258,9.113897875450766,6.288894930821813,False,92.9176434091923,27.541337205073976,65.37630620411832,False,0.07069023169888967,0.04271068136309259,0.027979550335797083,False,5.311685082292522,16.000075547072843,0.022864339563631222
S7,equal_dim,4,4,PPG,18.026475624604796,14.033149316000992,3.9933263086038036,False,18.0424183120648,14.046074169149843,3.996344142914957,False,9.314509224777439,7.341391109835656,1.9731181149417827,False,3.9522179497632965,3.9802808448701796,1.6795734570344827
S7,equal_dim,4,4,ACCx,14.974070978660128,9.344342738283634,5.629728240376494,False,126.6981770138239,36.891289430117006,89.8068875837069,False,0.0769343055913535,0.04815087369942133,0.028783431891932172,False,4.351793447809049,19.71836250022089,0.019546082191177448
S7,equal_dim,4,4,ACCy,20.110573887560577,11.804039478940702,8.306534408619875,False,850.0631521729885,49.242674627285794,800.8204775457027,False,0.10363648617438859,0.06319919994264175,0.04043728623174683,False,6.362213896640036,33.58786158131857,0.017972677632680657
S7,equal_dim,4,4,ACCz,26.395467079297035,16.830835028716816,9.564632050580219,False,123.92205406953698,40.11468453838014,83.80736953115684,False,0.07891373393884377,0.051423996093216656,0.02748973784562711,False,5.860762484336744,21.462252316482747,0.0212177143532293
S8,equal_dim,4,4,PPG,21.838741405843777,19.72773004373029,2.111011362113487,False,21.87043562729104,19.75552233424289,2.1149132930481507,False,8.485678802000145,7.491152324409694,0.9945264775904503,False,2.57925347207053,2.552855062597825,0.46610736576630263
S8,equal_dim,4,4,ACCx,14.797424600936287,8.68317643235424,6.114248168582046,False,90.3587938189206,37.94433974631309,52.41445407260751,False,0.07883645347519017,0.04682296173485392,0.03201349174033625,False,4.065232035340143,24.206102355392225,0.025339573656943323
S8,equal_dim,4,4,ACCy,23.054903754420632,13.250802082728026,9.804101671692607,False,263.1712090216872,49.931959196351244,213.23924982533597,False,0.12132026696238034,0.062207662751677766,0.05911260421070257,False,11.511073176680757,44.78094325338888,0.030279367521195616
S8,equal_dim,4,4,ACCz,20.381760166538598,11.860624994523466,8.521135172015132,False,81.5200589826229,41.555548195345494,39.964510787277405,False,0.087508488131126,0.05172795301118544,0.03578053511994055,False,6.3448874571499605,32.05506306120145,0.03182168486036706
S9,equal_dim,4,4,PPG,25.161962654383412,19.267912022875464,5.894050631507948,False,25.194135222697668,19.291697422391984,5.902437800305684,False,16.56083071851319,11.23486540898037,5.325965309532821,False,7.142075402242067,7.191331261083395,3.7816734702664334
S9,equal_dim,4,4,ACCx,18.723979599539597,11.684009911436215,7.0399696881033815,False,109.09804241537893,39.23457893271488,69.86346348266405,False,0.10793174086114296,0.06806832190858574,0.039863418952557225,False,5.463771882103835,22.09828085287205,0.02730940325276765
S9,equal_dim,4,4,ACCy,22.57610242037066,15.68603300215272,6.890069418217939,False,721.0447307803006,54.51824489175965,666.526485888541,False,0.12497264835330814,0.08647207704512425,0.03850057130818389,False,6.472038919316411,22.82466455604832,0.016343666349484268
S9,equal_dim,4,4,ACCz,23.100838486790916,15.437994447726812,7.662844039064105,False,137.66890840497229,45.01115513599833,92.65775326897395,False,0.10661082088158456,0.07159277132136543,0.03501804956021913,False,6.486934284931753,20.772002846865938,0.028076860134204316
S7,equal_dim,2,2,PPG,46.361740320798276,23.930226198498854,22.431514122299422,False,46.40434296681225,23.95257494424859,22.451768022563662,False,24.64650405327428,12.743690022794514,11.902814030479767,False,22.4171010995905,22.424234542524243,11.637522799206497
S7,equal_dim,2,2,ACCx,21.338412961664325,13.470299933036102,7.868113028628223,False,191.5311474779998,52.628798860069246,138.90234861793056,False,0.10504954329872558,0.06917651209338385,0.03587303120534173,False,6.4866666883859665,23.691266313630287,0.027811059014696715
S7,equal_dim,2,2,ACCy,26.438781895608766,15.460447184866382,10.978334710742384,False,1329.303824275022,61.77166929760494,1267.5321549774171,False,0.12798856725282834,0.08385118073596148,0.044137386516866856,False,7.793022855095707,33.480702716202586,0.02123870928913292
S7,equal_dim,2,2,ACCz,34.500099413924204,23.48514818838562,11.014951225538585,False,202.9797455378262,53.812729527508516,149.1670160103177,False,0.10128461818635728,0.07066583390006344,0.030618784286293846,False,8.010166934249757,27.07009371896968,0.026336971173401683
S8,equal_dim,2,2,PPG,60.19999018845409,31.61195008972299,28.5880400987311,False,60.29812221006425,31.6573840961006,28.64073811396365,False,21.721269059161592,12.547124669244797,9.174144389916796,False,23.869467317399874,23.891166935837894,8.35550892289093
S8,equal_dim,2,2,ACCx,20.939263727992607,12.654406024172856,8.284857703819752,False,147.4962002182622,53.718172091663924,93.77802812659829,False,0.10784544396893726,0.06756935131847024,0.04027609265046703,False,6.112761253775638,35.806286293723495,0.03548997252739665
S8,equal_dim,2,2,ACCy,29.931783338366028,17.376634619722502,12.555148718643526,False,530.5426495507469,62.758901835105036,467.7837477156419,False,0.14462067939576756,0.08410133332216341,0.06051934607360415,False,13.666798573531612,41.07520124565538,0.03191003689843186
S8,equal_dim,2,2,ACCz,26.556868655258185,16.729649315933848,9.827219339324337,False,120.40693011213557,55.779192036947,64.62773807518857,False,0.10953406634045254,0.07186209670663536,0.03767196963381718,False,7.370906168856049,36.99178765857081,0.032371224473286775
S9,equal_dim,2,2,PPG,54.24834985441909,31.073346267786363,23.175003586632727,False,54.32523004509419,31.11111602705094,23.214114018043247,False,35.155212943451765,19.710487387059857,15.444725556391909,False,24.112687514995674,24.120538830877795,12.315140550742296
S9,equal_dim,2,2,ACCx,25.8966270419915,17.158659925720613,8.737967116270887,False,170.16266542154534,56.73614784403414,113.42651757751119,False,0.1464774869550095,0.09980639383728612,0.04667109311772338,False,7.658544541521387,25.34420761853479,0.03460210545323025
S9,equal_dim,2,2,ACCy,29.73066709184447,20.381594680443435,9.349072411401036,False,594.912203035135,66.90574658179109,528.006456453344,False,0.15979356929795918,0.11422541581504599,0.045568153482913196,False,8.31004662960573,26.97005489641832,0.03778581609546716
S9,equal_dim,2,2,ACCz,29.759537965501888,21.56804994250518,8.191488022996708,False,194.55061878223853,59.859931223830046,134.69068755840848,False,0.1326100147372147,0.09941263709569602,0.033197377641518686,False,7.771046442894459,20.22101598022585,0.02816550732845305
S10,equal_dim,16,16,PPG,7.7255947955295845,3.600349109270686,4.125245686258898,False,7.734515391632983,3.6046863672997245,4.129829024333258,False,3.7502687251694025,1.7118060164573665,2.0384627087120357,False,3.9301082977219384,3.9261859720950274,1.5576211678209428
S10,equal_dim,16,16,ACCx,3.9872885560439415,1.8989248785712043,2.088363677472737,False,28.68343375622473,8.169782693212303,20.513651063012425,False,0.021512535280316453,0.010601743023497714,0.010910792256818739,False,1.4904597702353877,6.702360700968589,0.008476733530966622
S10,equal_dim,16,16,ACCy,16.386914777762602,6.549571331226449,9.837343446536153,False,293.6073844900882,22.252172718640225,271.35521177144796,False,0.060369161430696754,0.023414296987818353,0.036954864442878405,False,8.059872067180045,23.18340290163247,0.023601107391968346
S10,equal_dim,16,16,ACCz,12.378582691793103,3.7102676710847584,8.668315020708345,False,36.25173501911457,8.641224583540396,27.610510435574174,False,0.04337942385095343,0.012895272654480682,0.03048415119647275,False,6.517885811627822,17.276772648450397,0.020749047602597572
S11,equal_dim,16,16,PPG,6.663213027880211,2.496714065375869,4.166498962504342,False,6.6698590017346016,2.4993075844888377,4.170551417245764,False,4.744986117763479,1.9216849795792577,2.8233011381842212,False,3.9654132029826927,3.963941814588432,2.3401476420610043
S11,equal_dim,16,16,ACCx,6.538816166069877,2.317719505625408,4.221096660444468,False,235.39568944640487,9.202222323384088,226.19346712302078,False,0.024957584329132892,0.01216972002449418,0.012787864304638713,False,2.6453485816139413,7.441400037352899,0.009254489502686024
S11,equal_dim,16,16,ACCy,15.161744136746456,5.974597043865989,9.187147092880467,False,454.19515744846046,25.04412623064594,429.15103121781453,False,0.06862417721479325,0.02774629735516817,0.04087787985962508,False,6.568752545248986,26.201458240254183,0.031093507390617905
S11,equal_dim,16,16,ACCz,12.074586523732727,4.024909414621762,8.049677109110965,False,53.42187611571108,10.244000948896115,43.177875166814964,False,0.04873213146025183,0.015222614964851465,0.03350951649540036,False,7.163686581624706,17.100968710089674,0.019269431440881123
S12,equal_dim,16,16,PPG,4.562713188836775,1.5188931337536271,3.043820055083148,False,4.56902346180543,1.5210974169845126,3.047926044820917,False,5.288454357611154,1.9130957226708662,3.3753586349402873,False,2.980907064287094,2.9892157986776464,3.152664822522602
S12,equal_dim,16,16,ACCx,9.604463167556913,3.8323766938655823,5.772086473691331,False,46.120582121769054,9.143702059874457,36.9768800618946,False,0.026195015642718863,0.01279748950912638,0.013397526133592482,False,4.102463977967038,8.84044523246908,0.010962615867893278
S12,equal_dim,16,16,ACCy,21.57254964333892,7.3978186562869075,14.174730987052012,False,771.5870254496016,27.22147918287056,744.365546266731,False,0.07341532283925278,0.028267925255789243,0.04514739758346354,False,7.428912776061095,28.78611326628372,0.03860052758707628
S12,equal_dim,16,16,ACCz,11.346853553594235,3.3259758602887275,8.020877693305508,False,103.85296596339036,11.547180061002901,92.30578590238746,False,0.05365984886526243,0.015445046409581518,0.03821480245568091,False,7.013397451827428,22.6198168669097,0.025354381247057696
S10,equal_dim,8,8,PPG,12.444270025245926,9.022937941092698,3.421332084153228,False,12.458568799308233,9.033810467773899,3.424758331534335,False,6.10705976576313,4.314317397179875,1.792742368583255,False,3.968785485311364,3.9602640662013506,1.498945258959886
S10,equal_dim,8,8,ACCx,11.058655654762212,5.860401697993958,5.198253956768254,False,59.87173819430575,24.19853223535557,35.67320595895018,False,0.06227150343623487,0.03340059346656067,0.028870909969674195,False,3.4252004000352185,18.81750452107512,0.02390877129475052
S10,equal_dim,8,8,ACCy,21.713698612940682,13.78046572503368,7.9332328879070015,False,381.58680859642794,41.98157496721746,339.6052336292105,False,0.080280832526898,0.05149371514754348,0.028787117379354514,False,7.340237582064594,22.029235161960237,0.019083454907711954
S10,equal_dim,8,8,ACCz,19.696375966680286,10.940283854296498,8.756092112383788,False,50.79037326791302,24.520647666686656,26.269725601226362,False,0.0673937369500171,0.03760913355239118,0.029784603397625925,False,6.465741898824664,17.676683258425967,0.020207206030144458
S11,equal_dim,8,8,PPG,11.042095270585559,6.310497797654855,4.731597472930704,False,11.053060348260033,6.317127005157384,4.735933343102649,False,7.969948518213489,4.836489670239244,3.1334588479742447,False,4.718426928521244,4.716999195472417,2.6741244019098342
S11,equal_dim,8,8,ACCx,15.425334147502877,7.221128704472139,8.204205443030737,False,290.28676193905915,26.321630181780353,263.9651317572788,False,0.07419335229458256,0.03822437469296506,0.0359689776016175,False,5.759204306471016,18.239044618550057,0.024473157339695656
S11,equal_dim,8,8,ACCy,19.053472864197847,12.256515309515871,6.796957554681976,False,514.0401720879191,46.14678470960973,467.8933873783094,False,0.0893751443653757,0.06012643186391666,0.029248712501459044,False,5.645731040871382,20.608723340963543,0.021833806514052104
S11,equal_dim,8,8,ACCz,19.017589783395103,11.515578530344918,7.502011253050185,False,80.30496549907049,28.645956672712988,51.65900882635751,False,0.07354993349894967,0.04354235387223179,0.03000757962671788,False,6.2433977691221845,16.968448020024976,0.018591964077964068
S12,equal_dim,8,8,PPG,7.519480658931677,3.850958977160334,3.668521681771343,False,7.529934692553571,3.856472298896835,3.673462393656736,False,8.959408693610436,4.837661374583966,4.12174731902647,False,3.890101516669948,3.8913983409246455,4.041458386783395
S12,equal_dim,8,8,ACCx,22.333147704420135,11.852140655839268,10.481007048580867,False,80.28920586432274,27.569847702494876,52.71935816182786,False,0.07150987357576545,0.04020524766865251,0.03130462590711294,False,7.631893996903715,17.93038201182932,0.02048790615811151
S12,equal_dim,8,8,ACCy,25.708607036892715,14.046225981005879,11.662381055886836,False,924.140334780156,50.353785178024886,873.7865496021311,False,0.09089916408809873,0.061900018848399366,0.02899914523969936,False,5.694389884718133,17.89045713224248,0.02272838572821982
S12,equal_dim,8,8,ACCz,17.77545387699768,9.914688166950235,7.8607657100474455,False,115.1127120364046,33.59344953721723,81.51926249918736,False,0.0816900855629181,0.04563447474558874,0.03605561081732936,False,8.061038071736549,22.3241986693323,0.02840447143087816
S10,equal_dim,4,4,PPG,19.792902874788812,16.454526893786664,3.338375981002148,False,19.816730411015488,16.474282443330175,3.342447967685313,False,9.631875613150747,8.024483803550275,1.6073918096004718,False,3.7308036868988417,3.7159358911039693,1.0734470962190938
S10,equal_dim,4,4,ACCx,17.16334554852351,10.43104902369689,6.732296524826619,False,93.50001417858212,42.01823920499634,51.48177497358578,False,0.0988616362840015,0.06002328610683594,0.03883835017716557,False,4.446641140431005,27.7710673632458,0.037077723580976656
S10,equal_dim,4,4,ACCy,31.93482559987327,19.990956352869667,11.943869247003605,False,733.4788859448354,55.729535935539225,677.7493500092961,False,0.11286299220221598,0.07654246612644468,0.0363205260757713,False,10.372590442372598,27.13638647075954,0.026438584910818637
S10,equal_dim,4,4,ACCz,31.129718094787638,18.63292948103626,12.496788613751377,False,79.41665579877255,40.74007099534603,38.67658480342652,False,0.10342162176716573,0.06357348363417886,0.03984813813298686,False,11.537684639820544,28.11617311285226,0.03428592150113781
S11,equal_dim,4,4,PPG,18.052037555922734,11.917894574447683,6.134142981475051,False,18.07007643359704,11.93036090218463,6.139715531412412,False,13.080054657134411,9.133457152724658,3.9465975044097537,False,5.479358470652651,5.487091070253667,2.7928149038709993
S11,equal_dim,4,4,ACCx,22.87723633588517,13.08904785031217,9.788188485572999,False,369.1026821393816,46.02086388862034,323.0818182507613,False,0.11294711463716525,0.0695105031297122,0.04343661150745305,False,7.255354776211604,26.13716170823492,0.03638764486812199
S11,equal_dim,4,4,ACCy,28.32901559525146,17.01405425815957,11.314961337091887,False,1025.0378985044692,59.58474231393852,965.4531561905308,False,0.12477929921257923,0.08768799001072966,0.03709130920184957,False,8.214677603389317,28.137536247518184,0.024470613201926145
S11,equal_dim,4,4,ACCz,28.916526409884018,19.424519979895408,9.49200642998861,False,108.92382524558057,47.67150808609926,61.252317159481315,False,0.10803049100024875,0.07280074558774897,0.03522974541249978,False,6.85632469334411,21.970178626681445,0.02828574200239648
S12,equal_dim,4,4,PPG,12.468496106089408,7.345917662757219,5.122578443332189,False,12.486437091768535,7.35672775734807,5.129709334420465,False,14.971310234031916,9.269159313192294,5.702150920839623,False,5.182132696724019,5.196257513104004,5.386893048258013
S12,equal_dim,4,4,ACCx,35.92197667657899,21.27230527877389,14.649671397805104,False,139.0199029865277,48.79570040703992,90.2242025794878,False,0.11155184370071079,0.07222994250482904,0.03932190119588175,False,13.603077601515459,28.349692898268188,0.03534914806002679
S12,equal_dim,4,4,ACCy,39.46042742966723,18.866491674552506,20.59393575511472,False,2054.7614995890285,65.79133465131709,1988.9701649377114,False,0.12665864485156242,0.09103932247836882,0.035619322373193596,False,7.400963431312098,23.90619190731016,0.03379111408533257
S12,equal_dim,4,4,ACCz,26.421612512053308,17.169514931942025,9.252097580111283,False,225.7240802052246,55.27237260278656,170.45170760243803,False,0.11976865927356144,0.07794491262681584,0.041823746646745597,False,9.602354866372092,26.869354059538452,0.03910259464666853
S10,equal_dim,2,2,PPG,44.257179038159414,26.278853904788857,17.978325133370557,False,44.31155109429718,26.310478701226007,18.001072393071173,False,21.723306751226467,13.13690125833005,8.586405492896416,False,18.296787783135024,18.2810670212916,7.344670099309447
S10,equal_dim,2,2,ACCx,22.27499230602186,14.799374863059441,7.47561744296242,False,135.1572493975736,58.238154361325115,76.91909503624848,False,0.1314806284587625,0.08576315867467084,0.04571746978409165,False,7.639441704185616,35.94614076083975,0.04472847809377563
S10,equal_dim,2,2,ACCy,48.364001139312734,25.866389144025877,22.497611995286857,False,1463.291851294082,67.83568636955103,1395.456164924531,False,0.13948230821626648,0.09999460608792365,0.03948770212834282,False,14.697075524620118,28.03054963626333,0.02998031199262967
S10,equal_dim,2,2,ACCz,38.53016886718219,26.199849874030026,12.330318993152165,False,118.38882173320718,55.82413279654099,62.564688936666194,False,0.12565333153913333,0.08856240822705255,0.037090923312080776,False,12.328572488456835,27.021719409773247,0.03318946161339946
S11,equal_dim,2,2,PPG,40.52462688645144,20.607564155466633,19.91706273098481,False,40.56691119984476,20.629152998601814,19.937758201242946,False,28.67329047407322,15.516113440032676,13.157177034040544,False,20.30127933943109,20.329148536507123,11.894053603824796
S11,equal_dim,2,2,ACCx,32.531292608846286,18.811843772339355,13.719448836506931,False,755.5190499782392,63.02357904157789,692.4954709366613,False,0.14523819950488598,0.10043148592931579,0.04480671357557019,False,8.536049488021607,25.885738053337015,0.03630437387840739
S11,equal_dim,2,2,ACCy,46.085910960968526,21.449203362455115,24.63670759851341,False,3111.2000140939294,71.33139440605032,3039.868619687879,False,0.1578464233758204,0.11291092531543481,0.044935498060385576,False,9.99137165600283,28.271116918999695,0.03200125006775424
S11,equal_dim,2,2,ACCz,38.05046472391484,26.88347795105821,11.166986772856632,False,189.1256279964994,63.22093438205861,125.90469361444079,False,0.13637708252910993,0.0994568232174961,0.03692025931161383,False,8.856883360246314,24.519880378877986,0.032305960651190374
S12,equal_dim,2,2,PPG,32.76719238345214,13.143435202502948,19.62375718094919,False,32.81623699600196,13.162410661416363,19.6538263345856,False,39.172210337648075,16.340648018968594,22.83156231867948,False,19.63670344474024,19.652247496374223,23.213497767596557
S12,equal_dim,2,2,ACCx,54.064573674695694,31.254240171574384,22.81033350312131,False,204.3615115163054,68.92898434420131,135.43252717210407,False,0.15586603414039246,0.1053794922047922,0.05048654193560026,False,17.712217688598102,32.91650851878113,0.05503422996236482
S12,equal_dim,2,2,ACCy,99.88318059145936,22.79306083730684,77.09011975415252,False,4834.3996620296275,77.93228947483946,4756.467372554788,False,0.1802152617433243,0.1167862588099214,0.06342900293340291,False,12.96370417297436,32.716220893458896,0.060306815886144186
S12,equal_dim,2,2,ACCz,35.73526964450358,23.94546540891719,11.789804235586391,False,298.03040292914955,72.85259467701486,225.1778082521347,False,0.15653669842828968,0.10760280971156053,0.04893388871672916,False,11.021543826634677,30.705613416068715,0.05901787196339453
S13,equal_dim,16,16,PPG,6.523742481185415,2.1820940988872968,4.341648382298119,False,6.527835781630934,2.183470961747121,4.344364819883813,False,5.527469453465541,1.8891601628581927,3.638309290607348,False,4.124950252391366,4.124001028350614,3.222064195755153
S13,equal_dim,16,16,ACCx,5.858853166291214,2.3182365925998276,3.540616573691387,False,52.53591364583921,8.477756018533773,44.058157627305434,False,0.02919542526022515,0.01153818472604129,0.01765724053418386,False,2.6986625515152864,9.889994724018376,0.013545831583148968
S13,equal_dim,16,16,ACCy,14.05269871862038,5.987456037214045,8.065242681406335,False,209.51731247607455,23.30777037555512,186.20954210051943,False,0.06195229488076213,0.0252213907990448,0.03673090408171733,False,6.133358661811915,24.541421948529965,0.027007658676288574
S13,equal_dim,16,16,ACCz,9.078924150663811,3.4354181480723485,5.6435060025914625,False,55.97957339815963,10.548582197662096,45.43099120049753,False,0.03899093966846337,0.013994876456527004,0.024996063211936367,False,4.411646380047677,11.870556651897921,0.015638125544659355
S14,equal_dim,16,16,PPG,5.05982324913772,1.4677787244763194,3.5920445246614006,False,5.066052654950836,1.4696411594736714,3.5964114954771644,False,5.063376248725703,1.572681737234356,3.490694511491347,False,3.311705770877275,3.3163428817358938,3.2658315322177196
S14,equal_dim,16,16,ACCx,5.755322036492601,2.021471080857435,3.7338509556351664,False,76.3023424480957,8.494274554125438,67.80806789397026,False,0.027316806919318388,0.009583811307132187,0.0177329956121862,False,2.9007424694143444,12.463524942708931,0.012393002487083549
S14,equal_dim,16,16,ACCy,16.69401458408335,5.5581818726996755,11.135832711383676,False,1366.5419059629376,21.85008234410851,1344.691823618829,False,0.056700827719028686,0.02090647860601856,0.035794349113010125,False,5.042015635817073,23.828458782811293,0.029204689492247853
S14,equal_dim,16,16,ACCz,8.30881562275687,3.090379938593757,5.218435684163112,False,65.95068292516093,10.973457269600791,54.97722565556014,False,0.035348928209421815,0.01159896856266243,0.023749959646759383,False,4.079346766859901,12.166296043859905,0.010539542759997127
S15,equal_dim,16,16,PPG,8.436551368089296,3.8744270829799974,4.562124285109299,False,8.449159536369452,3.8801562207540923,4.56900331561536,False,3.2656504995886486,1.5830855640006163,1.6825649355880323,False,3.4726142774022932,3.4809233131393125,1.4323029326607655
S15,equal_dim,16,16,ACCx,4.068772000719792,1.4288312169905917,2.639940783729201,False,68.63310897097608,9.413463688470836,59.21964528250525,False,0.02732825726527536,0.009604744593417758,0.0177235126718576,False,2.057961667522099,13.104959274434961,0.012691268652701862
S15,equal_dim,16,16,ACCy,13.67739393497991,5.288646893924472,8.388747041055439,False,231.68712281811975,21.294468953234592,210.39265386488515,False,0.06010995870276852,0.021297554613973223,0.0388124040887953,False,5.77344699469584,24.999153940885485,0.024027559101279787
S15,equal_dim,16,16,ACCz,11.569523679770217,3.7859629434731006,7.783560736297117,False,70.65228813950307,10.006936826523345,60.64535131297973,False,0.03625020951553992,0.011947712375245504,0.024302497140294418,False,5.500379482751571,17.188272558819193,0.015544453053048163
S13,equal_dim,8,8,PPG,11.124444998627046,5.425744953332318,5.6987000452947285,False,11.131589076285795,5.4292397561925325,5.702349320093263,False,9.460116175014127,4.692137806798413,4.767978368215714,False,5.983773484668465,5.983164963083709,4.233272064005645
S13,equal_dim,8,8,ACCx,13.376169650728682,7.119430035452501,6.256739615276182,False,71.3241094302438,24.63916872690163,46.684940703342164,False,0.0673056863888774,0.03604310790769922,0.03126257848117819,False,3.587774637984385,14.635621429524669,0.01806648672868636
S13,equal_dim,8,8,ACCy,17.41063646407575,12.006294359472804,5.4043421046029465,False,260.7148510107951,43.62087480492655,217.09397620586853,False,0.0766315958510551,0.0535733519807244,0.023058243870330696,False,5.0450284884892245,16.555392262635664,0.01321917841680581
S13,equal_dim,8,8,ACCz,16.854560896695105,9.89542599173012,6.959134904964985,False,101.61216707667288,28.298289365608614,73.31387771106426,False,0.06911285098105871,0.040143328937472925,0.028969522043585785,False,5.127595415686727,15.098701033956981,0.017574665146693716
S14,equal_dim,8,8,PPG,8.868129899342678,3.6707623090138135,5.197367590328865,False,8.878712359687395,3.6752871934189177,5.203425166268477,False,8.79563037240367,3.84957655459961,4.94605381780406,False,5.166397509110307,5.185957251171738,5.269780448966376
S14,equal_dim,8,8,ACCx,11.700922517978693,6.052477904912731,5.648444613065962,False,81.0512175875087,24.255483421224124,56.795734166284575,False,0.057828391789649554,0.029294375908181722,0.028534015881467832,False,2.986737528622747,14.894604908013417,0.013166349947355143
S14,equal_dim,8,8,ACCy,20.59048294322829,11.041138889591055,9.549344053637236,False,1683.019620381813,40.9877575498519,1642.031862831961,False,0.07297805098884931,0.04546812399070848,0.02750992699814083,False,4.922228572483216,24.22890771986213,0.02190170408656598
S14,equal_dim,8,8,ACCz,15.350949145650858,8.79295263179421,6.557996513856649,False,98.19246879003907,29.25784774509432,68.93462104494475,False,0.05866353756483025,0.032663884015687934,0.025999653549142313,False,4.747626573747951,18.365666294275123,0.015061479355879617
S15,equal_dim,8,8,PPG,12.442041051948287,9.206756030256203,3.235285021692084,False,12.460005576217112,9.220164733715114,3.239840842501998,False,5.060802107742199,3.8098173735146004,1.2509847342275986,False,3.429924380395354,3.430293740047375,1.344629474617843
S15,equal_dim,8,8,ACCx,9.585098080365956,4.4458277464879155,5.1392703338780406,False,92.22887796092228,26.064856386572256,66.16402157435002,False,0.06520707878234891,0.029980259003124704,0.035226819779224205,False,3.1405134793689506,22.74681785547411,0.021404226972366807
S15,equal_dim,8,8,ACCy,17.40191302792865,11.469952337572547,5.931960690356103,False,335.6127512839265,42.84732890613375,292.7654223777928,False,0.07530826422550217,0.047918962140317,0.027389302085185176,False,4.290145623192204,18.244049147838673,0.013009350042544846
S15,equal_dim,8,8,ACCz,19.98404313254915,10.807942848136744,9.176100284412406,False,92.62202386659494,27.394020862092066,65.22800300450288,False,0.06002355094187479,0.03395030997583084,0.02607324096604395,False,5.73911283940766,21.629523064741402,0.01905074549428707
S13,equal_dim,4,4,PPG,17.97869825237403,10.581511767498139,7.397186484875892,False,17.99008085610141,10.588485703802478,7.401595152298933,False,15.38272678284551,9.127552051599906,6.255174731245603,False,7.003829863832154,7.006177412116482,4.509594526118676
S13,equal_dim,4,4,ACCx,20.156449858708292,12.660840219401374,7.4956096393069185,False,109.74176410471478,43.40121036284538,66.3405537418694,False,0.1017221014178826,0.06467345902555623,0.03704864239232637,False,4.064492401763413,23.59951434354624,0.027386077092991776
S13,equal_dim,4,4,ACCy,27.99505975695975,16.69742108594109,11.29763867101866,False,661.8776123974925,57.51593397411811,604.3616784233744,False,0.11050122217326111,0.07876200655043136,0.03173921562282975,False,8.654023267600493,23.166805075167417,0.020795647606949075
S13,equal_dim,4,4,ACCz,24.320076237272747,16.653480573824044,7.666595663448703,False,137.08213363641266,45.726600924553296,91.35553271185937,False,0.09726864796532617,0.06702261549857028,0.03024603246675589,False,4.967018692910543,18.35344858820875,0.02083069249541812
S14,equal_dim,4,4,PPG,14.716710079616055,7.403381633110294,7.313328446505761,False,14.733882732364062,7.412482882704343,7.321399849659719,False,14.535117475943842,7.495081250744585,7.040036225199257,False,6.789975260557531,6.756634488387253,6.78102720307606
S14,equal_dim,4,4,ACCx,16.63492339637954,11.084381159353285,5.5505422370262565,False,107.41542455656987,43.50755514750004,63.90786940906983,False,0.0804083091789567,0.05369827812830227,0.026710031050654427,False,3.077673151813382,18.791386360023985,0.017578549894859685
S14,equal_dim,4,4,ACCy,31.081429798128603,15.184972256546482,15.896457541582121,False,2768.6864703678802,55.59834409524264,2713.0881262726375,False,0.10355678365020635,0.06769839341190267,0.03585839023830367,False,7.6607765624157125,32.82501682282812,0.02834930735069413
S14,equal_dim,4,4,ACCz,21.76208392755999,15.276535688143769,6.48554823941622,False,118.94798803804055,48.203258263467625,70.74472977457293,False,0.07784331760643257,0.0549693772258523,0.022873940380580264,False,5.415936174031362,18.016543359910045,0.012504043434972724
S15,equal_dim,4,4,PPG,19.092206559356118,15.91119390174801,3.1810126576081075,False,19.119175958692008,15.93417553301332,3.1850004256786875,False,7.7159597372624615,6.672086479305962,1.0438732579564993,False,4.569544541224589,4.605366758014323,1.0087752432612485
S15,equal_dim,4,4,ACCx,14.85872083094693,7.979088690520068,6.879632140426863,False,160.51312666434794,44.052256273163344,116.46087039118459,False,0.09910964778954365,0.053827139659947065,0.04528250812959658,False,3.3203985342149647,33.057638338952515,0.0248892767631326
S15,equal_dim,4,4,ACCy,25.621273301311145,16.366323758466127,9.254949542845019,False,566.4698545882935,57.151336064613254,509.31851852368027,False,0.10747557576608197,0.07020767365388626,0.0372679021121957,False,7.444041470500563,29.374914523245764,0.0183341414932347
S15,equal_dim,4,4,ACCz,28.837678841840884,18.02081637903005,10.816862462810832,False,190.00779042495859,44.68242515096878,145.3253652739898,False,0.0854141249083216,0.05579702651003558,0.029617098398286024,False,7.110025575009631,25.125759265658395,0.021207906662372003
S13,equal_dim,2,2,PPG,37.5776036391809,19.656235011197538,17.921368627983362,False,37.602748087348566,19.669566094066933,17.933181993281632,False,31.781137582667437,16.80374184891525,14.977395733752186,False,18.16060276609437,18.168258941729988,14.221232995004398
S13,equal_dim,2,2,ACCx,26.405040588494817,18.419202024236657,7.9858385642581595,False,175.90393795788722,60.56652677869524,115.33741117919197,False,0.1349719781213821,0.09461743089817469,0.0403545472232074,False,5.668369335829436,26.496798604343738,0.03198893793398769
S13,equal_dim,2,2,ACCy,45.40053276504344,21.368508317984016,24.03202444705942,False,1083.6402935809604,120.42397820302048,963.2163153779398,False,0.15438109793556368,0.10275514747715345,0.05162595045841023,False,13.967977129598182,28.7495165185409,0.044019363996694705
S13,equal_dim,2,2,ACCz,33.15417443643143,23.1723448020479,9.981829634383534,False,226.59682863491406,59.86937185992745,166.72745677498662,False,0.12691365700495863,0.0924300100461395,0.03448364695881913,False,7.371526811100502,25.53911297579134,0.03054252987598849
S14,equal_dim,2,2,PPG,35.7051876493698,14.434380407986108,21.27080724138369,False,35.75577421536158,14.45235458395735,21.303419631404232,False,36.40810389960336,14.479707368366343,21.92839653123702,False,22.867875580505526,22.859613832395276,21.986234535189077
S14,equal_dim,2,2,ACCx,23.388415244823715,16.29872767765291,7.089687567170806,False,211.13846533712345,62.41356886891302,148.72489646821043,False,0.11613125356635291,0.07901484155680732,0.03711641200954559,False,6.447033312968033,27.492086920951884,0.029674305926876803
S14,equal_dim,2,2,ACCy,68.65900918700466,19.441681794122864,49.21732739288179,False,6996.798248374908,69.37738639279485,6927.420861982114,False,0.15984546888576595,0.09050019928049108,0.06934526960527487,False,17.523623574422377,40.30917019354952,0.07874547719164418
S14,equal_dim,2,2,ACCz,35.65590521419418,22.168575102235653,13.487330111958524,False,192.88605103619363,64.76871136481486,128.11733967137877,False,0.11712769269802181,0.07681627268314402,0.040311420014877794,False,14.380409319103041,35.56804419192311,0.03943212673282338
S15,equal_dim,2,2,PPG,44.33664863914614,25.102755432407278,19.233893206738863,False,44.409706677066104,25.139053651153795,19.27065302591231,False,18.801440117824214,10.75713368975398,8.044306428070234,False,19.767041357634092,19.843959811292557,7.971511901123909
S15,equal_dim,2,2,ACCx,19.10933167017983,11.526776032726927,7.582555637452904,False,199.40025747334505,60.57757787759268,138.82267959575236,False,0.12998357204991637,0.07757587930766839,0.05240769274224798,False,4.472788884489532,34.939389246426046,0.028108030596017214
S15,equal_dim,2,2,ACCy,37.728653238256854,20.72118406036587,17.007469177890982,False,1002.2568447594449,68.57204495389088,933.684799805554,False,0.1450286159361116,0.0900448282587636,0.054983787677348,False,16.25496664309628,29.96555515688172,0.035338530025834314
S15,equal_dim,2,2,ACCz,35.82724901492474,24.51138190204954,11.3158671128752,False,206.8333492776037,59.70741856358587,147.12593071401784,False,0.10366817327914156,0.07508979719317642,0.02857837608596514,False,8.477890489864759,27.22994162263541,0.024024505943751703
