method,db,budget,channel,n_subjects,prd_mean,prd_median,prd_p90,invalid_rate_prd,prdn_mean,prdn_median,prdn_p90,invalid_rate_prdn,rmse_mean,rmse_median,rmse_p90,CR_dim,CR_byte_64,CR_byte_native
AE,16,16,PPG,15,8.126208951473297,6.821109794008361,12.67155777800286,0.0,8.13581359708986,6.8263822299131,12.68190978835341,0.0,4.894260623260836,4.0793441572050115,8.99537560947342,4.0,3.9689922480620154,2.4806201550387597
AE,16,16,ACCx,15,5.297212634418676,4.084379959452447,9.680501670712514,0.0,59.11689342022411,15.11972786035119,73.68819733956325,0.0,0.025076170316906853,0.01862072206890324,0.0462943779986587,4.0,3.9689922480620154,2.4806201550387597
AE,16,16,ACCy,15,15.4582489804763,10.061279272312166,32.262017475649095,0.0010530834222982654,437.90817545473715,41.6818393124257,136.60300024329067,0.0010530834222982654,0.06644805303035191,0.046808803844608504,0.12612438687514957,4.0,3.9689922480620154,2.4806201550387597
AE,16,16,ACCz,15,10.147671455698433,8.016589191100332,20.514867680301553,0.0,61.66855505950972,23.74734836219361,93.63969752739654,0.0,0.04214624124044579,0.028498534631880235,0.07986081964107633,4.0,3.9689922480620154,2.4806201550387597
DCT,16,16,PPG,15,5.821968573470051,4.302861693875807,11.289336562636757,0.0,5.828785259486485,4.308426302257518,11.301755733571254,0.0,3.406229481029327,2.6243049413502604,7.06018487373269,4.0,3.9689922480620154,2.4806201550387597
DCT,16,16,ACCx,15,4.647007075758007,3.915923190852676,9.183526579928747,0.0,16.763258946910163,14.242079140059234,28.12475633720722,0.0,0.023477670043713674,0.018198280937784753,0.04771331310729666,4.0,3.9689922480620154,2.4806201550387597
DCT,16,16,ACCy,15,9.593397836379792,6.079942980080692,22.235663128066726,0.0010530834222982654,34.64143474570804,26.934727194680338,70.52233125860717,0.0010530834222982654,0.04126675839079728,0.030613253163807676,0.08266415819285894,4.0,3.9689922480620154,2.4806201550387597
DCT,16,16,ACCz,15,6.914553037764342,5.684978502802405,14.618434799905247,0.0,20.223537221446396,17.151907857165572,36.19793098362413,0.0,0.02781254897786041,0.021169578585794827,0.05680985994763461,4.0,3.9689922480620154,2.4806201550387597
AE,8,8,PPG,15,13.294923896891907,11.915194848096919,20.61189065905978,0.0,13.310587879853767,11.925925629795238,20.623836618668626,0.0,8.291215278291379,7.194769276179839,14.901165586632171,8.0,7.876923076923077,4.923076923076923
AE,8,8,ACCx,15,13.106789599037718,9.992369223473528,25.17150709258822,0.0,85.21284199901672,37.69257562605561,105.01112007777117,0.0,0.06640222212033962,0.04634943561280225,0.13016499089971023,8.0,7.876923076923077,4.923076923076923
AE,8,8,ACCy,15,19.15062768699558,13.397186627270456,39.26066158935579,0.0010530834222982654,590.9635529627249,54.69069930370118,165.89741438314863,0.0010530834222982654,0.08389757730503387,0.05898826057915256,0.16646411347726878,8.0,7.876923076923077,4.923076923076923
AE,8,8,ACCz,15,16.87350241762584,13.691298360338996,35.1136759344049,0.0,80.64210756741394,41.884300379590655,120.49828218194936,0.0,0.06731518892272233,0.050268209432469096,0.1327184321447221,8.0,7.876923076923077,4.923076923076923
DCT,8,8,PPG,15,11.569305288692219,9.230157894412361,23.134965857396992,0.0,11.582858032900141,9.246387506095369,23.165288432890616,0.0,6.897306946709187,5.747843826336782,14.373841829682107,8.0,7.876923076923077,4.923076923076923
DCT,8,8,ACCx,15,9.783827506233097,8.610234347261468,19.445277821533622,0.0,34.34622349554101,30.880893547025735,56.078885725411965,0.0,0.04973229542756671,0.03978528443594985,0.10227680217991217,8.0,7.876923076923077,4.923076923076923
DCT,8,8,ACCy,15,14.858156761740647,10.145680055454038,33.69243221926485,0.0010530834222982654,50.58688673675088,44.049213698719115,93.2727672207112,0.0010530834222982654,0.06757066390552854,0.05361494304130821,0.13521388090451805,8.0,7.876923076923077,4.923076923076923
DCT,8,8,ACCz,15,13.623553522824238,11.459250536958644,28.755768298535724,0.0,38.51033154115605,34.68474036369717,66.0826494506897,0.0,0.05419046840046681,0.04262871133568339,0.11113447089661364,8.0,7.876923076923077,4.923076923076923
AE,4,4,PPG,15,19.882991725217945,17.782236873093414,31.638846412715715,0.0,19.906290671220447,17.80970542118392,31.66185119073839,0.0,12.513263820609609,10.750636763523621,23.083963921349937,16.0,15.515151515151516,9.696969696969697
AE,4,4,ACCx,15,19.784597161916288,16.248756066727267,39.17027646388249,0.0,128.8854260310617,62.89748239988682,154.77961526717363,0.0,0.09841641328746241,0.07753535485020893,0.1944561841636643,16.0,15.515151515151516,9.696969696969697
AE,4,4,ACCy,15,28.289693292744072,20.459903155140186,53.835184486648735,0.0010530834222982654,1037.0417168169843,80.50650876906705,287.713491050361,0.0010530834222982654,0.11850426106796935,0.08840371635418982,0.24642761940382793,16.0,15.515151515151516,9.696969696969697
AE,4,4,ACCz,15,25.483223757752413,20.776735468133047,52.65621847386569,0.0,135.753596885527,66.21069815974583,177.09439206306982,0.0,0.09865833617623819,0.07853176368598387,0.20088162026004777,16.0,15.515151515151516,9.696969696969697
DCT,4,4,PPG,15,19.63371982577051,17.068027781440623,37.77299840225887,0.0,19.656898952765083,17.097290690699886,37.80412474816722,0.0,12.051191673260716,10.564717541867566,24.57434672295581,16.0,15.515151515151516,9.696969696969697
DCT,4,4,ACCx,15,15.226669032241414,13.829970454798694,30.016101192405348,0.0,52.41883709902354,49.19278449154462,85.86060650504012,0.0,0.07728636704086264,0.06342716958161551,0.15908381919156386,16.0,15.515151515151516,9.696969696969697
DCT,4,4,ACCy,15,19.525540538964396,14.304411945586226,43.13402525761049,0.0010530834222982654,66.25422448751588,61.72871388523415,100.00000000002527,0.0010530834222982654,0.09194072344204368,0.07580805074757087,0.18998285288150427,16.0,15.515151515151516,9.696969696969697
DCT,4,4,ACCz,15,20.075424373388515,16.97184840713282,42.53442674993997,0.0,54.79411406259009,51.880453768726596,90.60510769952928,0.0,0.07881096194268598,0.06376691804293212,0.16258071264505275,16.0,15.515151515151516,9.696969696969697
AE,2,2,PPG,15,45.63722939857124,42.768128651034225,65.88467676155317,0.0,45.69573464403691,42.82593744746461,65.97789007862116,0.0,28.858589188746976,26.498888230379976,50.361388901362695,32.0,30.11764705882353,18.823529411764707
AE,2,2,ACCx,15,26.868378467371926,23.34213035498964,50.57402092379977,0.0,212.05740627705669,84.98380078303852,255.24030673748308,0.0,0.1306991894820054,0.10790997766808139,0.25913636997224704,32.0,30.11764705882353,18.823529411764707
AE,2,2,ACCy,15,45.711956120278145,29.027543808702315,82.6517130739323,0.0010530834222982654,2126.324045822374,100.15385755554954,571.5814813562404,0.0010530834222982654,0.1539759048636825,0.12633346963856654,0.30466253133716475,32.0,30.11764705882353,18.823529411764707
AE,2,2,ACCz,15,33.22283364087391,28.066914775232295,66.78803433680235,0.0,184.11675801652038,86.35913157429697,267.314395175599,0.0,0.12383342231996691,0.10481323161403992,0.24174383815273665,32.0,30.11764705882353,18.823529411764707
DCT,2,2,PPG,15,31.969981462469907,29.58092597513265,53.88488005291504,0.0,32.00834846135151,29.604471800066968,53.985402248058655,0.0,20.344520280284893,18.53178975355103,38.13913907822613,32.0,30.11764705882353,18.823529411764707
DCT,2,2,ACCx,15,20.39125736185054,18.89358222795811,40.130757641138004,0.0,67.3780775890964,66.96427818881027,99.04906900984764,0.0,0.10338262343165017,0.08729158478713718,0.21154930767023447,32.0,30.11764705882353,18.823529411764707
DCT,2,2,ACCy,15,23.96070201093754,18.56604630756737,51.853180880398185,0.0010530834222982654,82.8660287095669,80.6688029950114,100.00000000349183,0.0010530834222982654,0.11486236822345716,0.09769565227030946,0.24319089057528956,32.0,30.11764705882353,18.823529411764707
DCT,2,2,ACCz,15,26.140674576766358,22.614639788648997,55.13495186750592,0.0,68.05454353222792,68.17275531765942,99.71657032531617,0.0,0.10159002008071384,0.0849087950587432,0.20994321175159764,32.0,30.11764705882353,18.823529411764707
