K,d_b,channel,AE_PRD,AE_bytes,DCT_TopK_PRD,DCT_TopK_bytes,DCT_FixedLF_PRD,DCT_FixedLF_bytes,FixedLF_vs_TopK_PRD_diff,FixedLF_vs_AE_PRD_diff,Index_Bytes_Saved,Byte_Savings_Pct
512,16,PPG,8.1262,2064,3.2545,3088,1.5172,2064,-1.7373,-6.609,1024,33.16
512,16,ACCx,5.2972,2064,2.1782,3088,9.328,2064,7.1498,4.0308,1024,33.16
512,16,ACCy,15.4582,2064,5.744,3088,7.8041,2064,2.0601,-7.6541,1024,33.16
512,16,ACCz,10.1477,2064,3.3562,3088,9.3566,2064,6.0004,-0.7911,1024,33.16
256,8,PPG,13.2949,1040,7.9669,1552,13.9621,1040,5.9952,0.6672,512,32.99
256,8,ACCx,13.1068,1040,6.6812,1552,14.4506,1040,7.7694,1.3438,512,32.99
256,8,ACCy,19.1506,1040,11.8922,1552,11.8998,1040,0.0076,-7.2508,512,32.99
256,8,ACCz,16.8735,1040,9.6622,1552,15.4247,1040,5.7625,-1.4488,512,32.99
128,4,PPG,19.883,528,14.5078,784,40.9225,528,26.4147,21.0395,256,32.65
128,4,ACCx,19.7846,528,11.9997,784,19.3634,528,7.3637,-0.4212,256,32.65
128,4,ACCy,28.2897,528,16.801,784,16.585,528,-0.216,-11.7047,256,32.65
128,4,ACCz,25.4832,528,16.3162,784,21.0199,528,4.7037,-4.4633,256,32.65
64,2,PPG,45.6372,272,23.9995,400,79.5045,272,55.505,33.8673,128,32.0
64,2,ACCx,26.8684,272,17.3943,400,23.3316,272,5.9373,-3.5368,128,32.0
64,2,ACCy,45.712,272,21.3571,400,21.3731,272,0.016,-24.3389,128,32.0
64,2,ACCz,33.2228,272,22.5916,400,27.0268,272,4.4352,-6.196,128,32.0
