comparison_type,db,K,channel,n_subjects,mean_count,std_count,median_count,p10_count,p90_count,mean_share_pct
equal_byte,2,42,PPG,15,23.49,3.61,21.88,19.64,28.39,55.92
equal_byte,2,42,ACCx,15,8.55,1.89,8.75,5.92,10.59,20.36
equal_byte,2,42,ACCy,15,3.77,0.75,3.92,2.99,4.65,8.97
equal_byte,2,42,ACCz,15,6.19,1.16,6.21,4.58,7.64,14.75
equal_byte,4,85,PPG,15,40.84,5.77,39.64,34.59,48.61,48.05
equal_byte,4,85,ACCx,15,21.5,3.04,21.06,17.9,25.25,25.29
equal_byte,4,85,ACCy,15,7.81,1.38,7.84,6.3,9.24,9.19
equal_byte,4,85,ACCz,15,14.85,1.94,14.65,12.66,17.01,17.47
equal_byte,8,170,PPG,15,58.81,7.33,57.61,51.01,68.02,34.59
equal_byte,8,170,ACCx,15,54.31,3.45,54.99,50.58,58.28,31.95
equal_byte,8,170,ACCy,15,18.24,2.46,18.09,15.16,21.17,10.73
equal_byte,8,170,ACCz,15,38.64,3.01,38.1,35.8,42.29,22.73
equal_byte,16,341,PPG,15,80.06,7.61,78.3,71.79,89.35,23.48
equal_byte,16,341,ACCx,15,119.06,3.15,119.28,115.77,123.08,34.91
equal_byte,16,341,ACCy,15,46.48,4.48,47.19,41.17,51.09,13.63
equal_byte,16,341,ACCz,15,95.41,3.85,94.82,91.66,100.07,27.98
equal_dim,2,64,PPG,15,33.37,4.81,31.86,28.19,40.4,52.14
equal_dim,2,64,ACCx,15,14.67,2.57,14.39,11.29,17.83,22.92
equal_dim,2,64,ACCy,15,5.71,1.08,5.8,4.6,6.87,8.93
equal_dim,2,64,ACCz,15,10.25,1.55,10.18,8.16,12.05,16.01
equal_dim,4,128,PPG,15,51.53,6.96,50.41,44.08,60.27,40.26
equal_dim,4,128,ACCx,15,37.64,3.46,38.18,33.99,41.68,29.41
equal_dim,4,128,ACCy,15,12.74,1.95,12.51,10.4,14.83,9.95
equal_dim,4,128,ACCz,15,26.09,2.59,26.05,23.5,28.98,20.38
equal_dim,8,256,PPG,15,70.4,7.57,69.08,62.46,79.77,27.5
equal_dim,8,256,ACCx,15,87.93,3.27,87.85,84.66,91.32,34.35
equal_dim,8,256,ACCy,15,31.13,3.48,31.82,26.78,35.26,12.16
equal_dim,8,256,ACCz,15,66.55,3.58,66.24,63.05,70.95,26.0
equal_dim,16,512,PPG,15,98.47,7.75,95.55,89.88,108.37,19.23
equal_dim,16,512,ACCx,15,173.22,2.81,173.39,170.23,176.27,33.83
equal_dim,16,512,ACCy,15,88.6,6.28,89.57,80.29,94.09,17.31
equal_dim,16,512,ACCz,15,151.71,3.7,152.01,148.28,155.81,29.63
