fold,db,seed,status,best_epoch,best_val_loss,time_sec,checkpoint_path,dataset,data_type
1,16,42,COMPLETED,91,0.018950,569.20,D:\UTE\AIForIOT\project_Cuoiki_iot\C1_AE_DCT\checkpoints\fold01_db16_seed42.pt,PPG-DaLiA,real
1,8,42,COMPLETED,82,0.055082,460.55,D:\UTE\AIForIOT\project_Cuoiki_iot\C1_AE_DCT\checkpoints\fold01_db08_seed42.pt,PPG-DaLiA,real
1,4,42,COMPLETED,96,0.096599,364.67,D:\UTE\AIForIOT\project_Cuoiki_iot\C1_AE_DCT\checkpoints\fold01_db04_seed42.pt,PPG-DaLiA,real
1,2,42,COMPLETED,74,0.174407,278.40,D:\UTE\AIForIOT\project_Cuoiki_iot\C1_AE_DCT\checkpoints\fold01_db02_seed42.pt,PPG-DaLiA,real
2,16,42,COMPLETED,96,0.015314,358.01,D:\UTE\AIForIOT\project_Cuoiki_iot\C1_AE_DCT\checkpoints\fold02_db16_seed42.pt,PPG-DaLiA,real
2,8,42,COMPLETED,42,0.038095,182.03,D:\UTE\AIForIOT\project_Cuoiki_iot\C1_AE_DCT\checkpoints\fold02_db08_seed42.pt,PPG-DaLiA,real
2,4,42,COMPLETED,82,0.066472,306.18,D:\UTE\AIForIOT\project_Cuoiki_iot\C1_AE_DCT\checkpoints\fold02_db04_seed42.pt,PPG-DaLiA,real
2,2,42,COMPLETED,57,0.106977,226.31,D:\UTE\AIForIOT\project_Cuoiki_iot\C1_AE_DCT\checkpoints\fold02_db02_seed42.pt,PPG-DaLiA,real
3,16,42,COMPLETED,96,0.016064,336.56,D:\UTE\AIForIOT\project_Cuoiki_iot\C1_AE_DCT\checkpoints\fold03_db16_seed42.pt,PPG-DaLiA,real
3,8,42,COMPLETED,95,0.045317,340.55,D:\UTE\AIForIOT\project_Cuoiki_iot\C1_AE_DCT\checkpoints\fold03_db08_seed42.pt,PPG-DaLiA,real
3,4,42,COMPLETED,97,0.091339,334.49,D:\UTE\AIForIOT\project_Cuoiki_iot\C1_AE_DCT\checkpoints\fold03_db04_seed42.pt,PPG-DaLiA,real
3,2,42,COMPLETED,52,0.156908,206.24,D:\UTE\AIForIOT\project_Cuoiki_iot\C1_AE_DCT\checkpoints\fold03_db02_seed42.pt,PPG-DaLiA,real
4,16,42,COMPLETED,99,0.015630,323.74,D:\UTE\AIForIOT\project_Cuoiki_iot\C1_AE_DCT\checkpoints\fold04_db16_seed42.pt,PPG-DaLiA,real
4,8,42,COMPLETED,93,0.047924,312.25,D:\UTE\AIForIOT\project_Cuoiki_iot\C1_AE_DCT\checkpoints\fold04_db08_seed42.pt,PPG-DaLiA,real
4,4,42,COMPLETED,98,0.084414,311.73,D:\UTE\AIForIOT\project_Cuoiki_iot\C1_AE_DCT\checkpoints\fold04_db04_seed42.pt,PPG-DaLiA,real
4,2,42,COMPLETED,98,0.179405,312.16,D:\UTE\AIForIOT\project_Cuoiki_iot\C1_AE_DCT\checkpoints\fold04_db02_seed42.pt,PPG-DaLiA,real
5,16,42,COMPLETED,92,0.015220,334.03,D:\UTE\AIForIOT\project_Cuoiki_iot\C1_AE_DCT\checkpoints\fold05_db16_seed42.pt,PPG-DaLiA,real
5,8,42,COMPLETED,54,0.046656,210.68,D:\UTE\AIForIOT\project_Cuoiki_iot\C1_AE_DCT\checkpoints\fold05_db08_seed42.pt,PPG-DaLiA,real
5,4,42,COMPLETED,74,0.079406,270.58,D:\UTE\AIForIOT\project_Cuoiki_iot\C1_AE_DCT\checkpoints\fold05_db04_seed42.pt,PPG-DaLiA,real
5,2,42,COMPLETED,61,0.135902,225.95,D:\UTE\AIForIOT\project_Cuoiki_iot\C1_AE_DCT\checkpoints\fold05_db02_seed42.pt,PPG-DaLiA,real
