fold,subject,seed,dataset,method,comparison_type,db,budget,M,K,representation_count,channel,window_id,start_index,nbytes,CR_dim,CR_byte_64,CR_byte_native,PRD,PRDN,RMSE,valid_prd,valid_prdn,metric_valid,checkpoint,config_id
4,S12,42,PPG-DaLiA,AE,equal_dim,2,2,64,0,64,ACCy,S12_test_f4_w0824,421888,272,32.0,30.11764705882353,18.823529411764707,7452.693534494119,7467.862153042948,0.07140427367621636,True,True,True,fold04_db02_seed42.pt,ae_f4_db2_seed42
4,S12,42,PPG-DaLiA,AE,equal_byte,2,2,64,0,64,ACCy,S12_test_f4_w0824,421888,272,32.0,30.11764705882353,18.823529411764707,7452.693534494119,7467.862153042948,0.07140427367621636,True,True,True,fold04_db02_seed42.pt,ae_f4_db2_seed42
4,S12,42,PPG-DaLiA,AE,equal_dim,2,2,64,0,64,ACCy,S12_test_f4_w0822,420864,272,32.0,30.11764705882353,18.823529411764707,6537.8320557097695,6551.138638105835,0.06263898377068157,True,True,True,fold04_db02_seed42.pt,ae_f4_db2_seed42
4,S12,42,PPG-DaLiA,AE,equal_byte,2,2,64,0,64,ACCy,S12_test_f4_w0822,420864,272,32.0,30.11764705882353,18.823529411764707,6537.8320557097695,6551.138638105835,0.06263898377068157,True,True,True,fold04_db02_seed42.pt,ae_f4_db2_seed42
4,S12,42,PPG-DaLiA,AE,equal_dim,2,2,64,0,64,ACCy,S12_test_f4_w0819,419328,272,32.0,30.11764705882353,18.823529411764707,5278.7734345635,5289.517432885193,0.05057595613240958,True,True,True,fold04_db02_seed42.pt,ae_f4_db2_seed42
4,S12,42,PPG-DaLiA,AE,equal_byte,2,2,64,0,64,ACCy,S12_test_f4_w0819,419328,272,32.0,30.11764705882353,18.823529411764707,5278.7734345635,5289.517432885193,0.05057595613240958,True,True,True,fold04_db02_seed42.pt,ae_f4_db2_seed42
4,S12,42,PPG-DaLiA,AE,equal_dim,2,2,64,0,64,ACCy,S12_test_f4_w0817,418304,272,32.0,30.11764705882353,18.823529411764707,4983.692591871311,4993.8574360152725,0.04774873018139317,True,True,True,fold04_db02_seed42.pt,ae_f4_db2_seed42
4,S12,42,PPG-DaLiA,AE,equal_byte,2,2,64,0,64,ACCy,S12_test_f4_w0817,418304,272,32.0,30.11764705882353,18.823529411764707,4983.692591871311,4993.8574360152725,0.04774873018139317,True,True,True,fold04_db02_seed42.pt,ae_f4_db2_seed42
2,S5,42,PPG-DaLiA,AE,equal_dim,2,2,64,0,64,ACCy,S5_test_f2_w0955,488960,272,32.0,30.11764705882353,18.823529411764707,3632.207567675295,3639.6002683156594,0.03480020947272704,True,True,True,fold02_db02_seed42.pt,ae_f2_db2_seed42
2,S5,42,PPG-DaLiA,AE,equal_byte,2,2,64,0,64,ACCy,S5_test_f2_w0955,488960,272,32.0,30.11764705882353,18.823529411764707,3632.207567675295,3639.6002683156594,0.03480020947272704,True,True,True,fold02_db02_seed42.pt,ae_f2_db2_seed42
4,S11,42,PPG-DaLiA,AE,equal_dim,2,2,64,0,64,ACCy,S11_test_f4_w1123,574976,272,32.0,30.11764705882353,18.823529411764707,3370.708725351802,3377.569199539039,0.032294778084678226,True,True,True,fold04_db02_seed42.pt,ae_f4_db2_seed42
4,S11,42,PPG-DaLiA,AE,equal_byte,2,2,64,0,64,ACCy,S11_test_f4_w1123,574976,272,32.0,30.11764705882353,18.823529411764707,3370.708725351802,3377.569199539039,0.032294778084678226,True,True,True,fold04_db02_seed42.pt,ae_f4_db2_seed42
4,S12,42,PPG-DaLiA,AE,equal_dim,2,2,64,0,64,ACCy,S12_test_f4_w0825,422400,272,32.0,30.11764705882353,18.823529411764707,3296.8575580748416,3303.755704926636,0.062310313153022726,True,True,True,fold04_db02_seed42.pt,ae_f4_db2_seed42
4,S12,42,PPG-DaLiA,AE,equal_byte,2,2,64,0,64,ACCy,S12_test_f4_w0825,422400,272,32.0,30.11764705882353,18.823529411764707,3296.8575580748416,3303.755704926636,0.062310313153022726,True,True,True,fold04_db02_seed42.pt,ae_f4_db2_seed42
4,S12,42,PPG-DaLiA,AE,equal_dim,2,2,64,0,64,ACCy,S12_test_f4_w0821,420352,272,32.0,30.11764705882353,18.823529411764707,3190.5357129309737,3192.6470434183625,0.05355469127078836,True,True,True,fold04_db02_seed42.pt,ae_f4_db2_seed42
4,S12,42,PPG-DaLiA,AE,equal_byte,2,2,64,0,64,ACCy,S12_test_f4_w0821,420352,272,32.0,30.11764705882353,18.823529411764707,3190.5357129309737,3192.6470434183625,0.05355469127078836,True,True,True,fold04_db02_seed42.pt,ae_f4_db2_seed42
