seed,subject,fold,channel,db,PRD_mean,PRDN_mean,RMSE_mean,valid_windows
42,S1,1,PPG,8,9.103714,9.114022,7.900436,1151
42,S1,1,ACCx,8,10.98152,80.960139,0.059917,1151
42,S1,1,ACCy,8,19.008111,2290.152264,0.071903,1135
42,S1,1,ACCz,8,12.165034,94.003071,0.060479,1151
42,S2,1,PPG,8,17.89994,17.916104,5.601877,1025
42,S2,1,ACCx,8,11.99703,56.238686,0.058309,1025
42,S2,1,ACCy,8,19.956165,617.290751,0.071049,1025
42,S2,1,ACCz,8,13.95437,63.394362,0.057702,1025
42,S3,1,PPG,8,11.615225,11.630555,5.919085,1092
42,S3,1,ACCx,8,13.561664,66.573422,0.055695,1092
42,S3,1,ACCy,8,18.924362,215.283704,0.080116,1092
42,S3,1,ACCz,8,12.585402,56.020864,0.062232,1092
42,S4,2,PPG,8,19.874451,19.892577,9.796442,1143
42,S4,2,ACCx,8,13.050019,54.580054,0.070308,1143
42,S4,2,ACCy,8,15.502729,122.068302,0.088583,1143
42,S4,2,ACCz,8,16.971497,58.099598,0.070351,1143
42,S5,2,PPG,8,17.27806,17.31028,14.707176,1163
42,S5,2,ACCx,8,16.008127,52.832747,0.083904,1163
42,S5,2,ACCy,8,24.688276,69.827589,0.098555,1163
42,S5,2,ACCz,8,21.641948,55.730231,0.079891,1163
42,S6,2,PPG,8,16.044931,16.061944,11.244406,656
42,S6,2,ACCx,8,15.669161,87.254565,0.094489,656
42,S6,2,ACCy,8,18.490059,175.146746,0.109077,656
42,S6,2,ACCz,8,22.081345,125.624439,0.087871,656
42,S7,3,PPG,8,11.488107,11.498198,5.934267,1167
42,S7,3,ACCx,8,10.028882,78.165189,0.051831,1167
42,S7,3,ACCy,8,15.180378,647.168476,0.079856,1167
42,S7,3,ACCz,8,16.846843,71.638564,0.05327,1167
42,S8,3,PPG,8,15.756032,15.778327,6.008544,1010
42,S8,3,ACCx,8,9.662212,56.626647,0.053236,1010
42,S8,3,ACCy,8,16.308608,135.455783,0.081246,1010
42,S8,3,ACCz,8,12.774332,53.56813,0.056807,1010
42,S9,3,PPG,8,16.922937,16.944939,10.903031,1070
42,S9,3,ACCx,8,12.163902,69.909271,0.070029,1070
42,S9,3,ACCy,8,17.321917,492.945141,0.093474,1070
42,S9,3,ACCz,8,15.402793,92.917643,0.07069,1070
42,S10,4,PPG,8,12.44427,12.458569,6.10706,1331
42,S10,4,ACCx,8,11.058656,59.871738,0.062272,1331
42,S10,4,ACCy,8,21.713699,381.586809,0.080281,1331
42,S10,4,ACCz,8,19.696376,50.790373,0.067394,1331
42,S11,4,PPG,8,11.042095,11.05306,7.969949,1131
42,S11,4,ACCx,8,15.425334,290.286762,0.074193,1131
42,S11,4,ACCy,8,19.053473,514.040172,0.089449,1130
42,S11,4,ACCz,8,19.01759,80.304965,0.07355,1131
42,S12,4,PPG,8,7.519481,7.529935,8.959409,989
42,S12,4,ACCx,8,22.333148,80.289206,0.07151,989
42,S12,4,ACCy,8,25.708607,924.140335,0.090983,988
42,S12,4,ACCz,8,17.775454,115.112712,0.08169,989
42,S13,5,PPG,8,11.124445,11.131589,9.460116,1142
42,S13,5,ACCx,8,13.37617,71.324109,0.067306,1142
42,S13,5,ACCy,8,17.410636,260.714851,0.076632,1142
42,S13,5,ACCz,8,16.854561,101.612167,0.069113,1142
42,S14,5,PPG,8,8.86813,8.878712,8.79563,1119
42,S14,5,ACCx,8,11.700923,81.051218,0.057828,1119
42,S14,5,ACCy,8,20.590483,1683.01962,0.072978,1119
42,S14,5,ACCz,8,15.350949,98.192469,0.058664,1119
42,S15,5,PPG,8,12.442041,12.460006,5.060802,992
42,S15,5,ACCx,8,9.585098,92.228878,0.065207,992
42,S15,5,ACCy,8,17.401913,335.612751,0.075308,992
42,S15,5,ACCz,8,19.984043,92.622024,0.060024,992
123,S1,1,PPG,8,8.887245,8.89738,7.753259,1151
123,S1,1,ACCx,8,10.931397,82.068955,0.059454,1151
123,S1,1,ACCy,8,18.310184,1965.001736,0.071995,1135
123,S1,1,ACCz,8,12.138857,107.88203,0.060329,1151
123,S2,1,PPG,8,17.220581,17.235225,5.43255,1025
123,S2,1,ACCx,8,11.938892,53.010307,0.057548,1025
123,S2,1,ACCy,8,19.113633,517.604541,0.071017,1025
123,S2,1,ACCz,8,13.852815,64.784773,0.057228,1025
123,S3,1,PPG,8,11.077998,11.092978,5.722633,1092
123,S3,1,ACCx,8,13.555991,80.82107,0.055577,1092
123,S3,1,ACCy,8,18.513471,202.199679,0.080199,1092
123,S3,1,ACCz,8,12.56704,59.568498,0.06193,1092
123,S4,2,PPG,8,16.230787,16.245707,8.191564,1143
123,S4,2,ACCx,8,12.920181,50.503512,0.069747,1143
123,S4,2,ACCy,8,15.722881,122.795742,0.088846,1143
123,S4,2,ACCz,8,16.77078,53.618069,0.070533,1143
123,S5,2,PPG,8,12.641192,12.664936,10.933005,1163
123,S5,2,ACCx,8,15.749248,50.251374,0.082617,1163
123,S5,2,ACCy,8,25.087587,74.07901,0.099011,1163
123,S5,2,ACCz,8,22.423954,61.784571,0.081954,1163
123,S6,2,PPG,8,12.663301,12.676713,8.928715,656
123,S6,2,ACCx,8,15.505517,72.703557,0.093491,656
123,S6,2,ACCy,8,18.386037,152.424499,0.109135,656
123,S6,2,ACCz,8,22.412573,136.320766,0.08854,656
123,S7,3,PPG,8,11.201123,11.210985,5.787342,1167
123,S7,3,ACCx,8,9.989232,80.214573,0.05168,1167
123,S7,3,ACCy,8,13.596788,291.212658,0.077491,1167
123,S7,3,ACCz,8,16.915637,72.462865,0.05326,1167
123,S8,3,PPG,8,15.179342,15.201345,5.795087,1010
123,S8,3,ACCx,8,9.964185,58.747891,0.054431,1010
123,S8,3,ACCy,8,15.842714,100.078808,0.081265,1010
123,S8,3,ACCz,8,12.85743,52.763691,0.057093,1010
123,S9,3,PPG,8,16.561288,16.582835,10.622073,1070
123,S9,3,ACCx,8,12.15086,75.1555,0.070118,1070
123,S9,3,ACCy,8,16.254329,220.082757,0.090918,1070
123,S9,3,ACCz,8,15.426334,86.951571,0.070908,1070
123,S10,4,PPG,8,12.286577,12.300725,5.991834,1331
123,S10,4,ACCx,8,11.094441,55.649847,0.062472,1331
123,S10,4,ACCy,8,22.256076,369.723906,0.082856,1331
123,S10,4,ACCz,8,19.830052,51.15487,0.067683,1331
123,S11,4,PPG,8,10.70067,10.711084,7.681748,1131
123,S11,4,ACCx,8,15.585828,285.159777,0.074601,1131
123,S11,4,ACCy,8,19.727233,584.888454,0.093256,1130
123,S11,4,ACCz,8,19.108198,78.336987,0.073806,1131
123,S12,4,PPG,8,7.262859,7.272909,8.583212,989
123,S12,4,ACCx,8,22.279528,79.726625,0.0716,989
123,S12,4,ACCy,8,31.547414,1432.953937,0.095075,988
123,S12,4,ACCz,8,17.807833,121.915367,0.081958,989
123,S13,5,PPG,8,9.989229,9.995647,8.534523,1142
123,S13,5,ACCx,8,13.183528,62.264132,0.066102,1142
123,S13,5,ACCy,8,16.761953,209.767391,0.076335,1142
123,S13,5,ACCz,8,16.115834,83.224401,0.066566,1142
123,S14,5,PPG,8,7.904374,7.91379,7.839099,1119
123,S14,5,ACCx,8,11.533996,77.946894,0.056892,1119
123,S14,5,ACCy,8,18.317734,1151.312499,0.071903,1119
123,S14,5,ACCz,8,14.456485,79.189511,0.055796,1119
123,S15,5,PPG,8,11.048172,11.064223,4.567268,992
123,S15,5,ACCx,8,9.50459,77.311584,0.064342,992
123,S15,5,ACCy,8,17.776158,349.536632,0.076306,992
123,S15,5,ACCz,8,19.271426,88.079946,0.058213,992
999,S1,1,PPG,8,9.061818,9.072086,7.883482,1151
999,S1,1,ACCx,8,10.856689,77.065985,0.059208,1151
999,S1,1,ACCy,8,17.222181,1441.144941,0.071502,1135
999,S1,1,ACCz,8,12.025439,96.935635,0.05999,1151
999,S2,1,PPG,8,17.824063,17.840462,5.538633,1025
999,S2,1,ACCx,8,11.823809,52.10281,0.057533,1025
999,S2,1,ACCy,8,18.538091,423.089621,0.070576,1025
999,S2,1,ACCz,8,13.781609,63.713394,0.057165,1025
999,S3,1,PPG,8,11.416858,11.43211,5.837201,1092
999,S3,1,ACCx,8,13.461893,62.69943,0.055311,1092
999,S3,1,ACCy,8,18.012983,176.04858,0.079572,1092
999,S3,1,ACCz,8,12.440273,56.043253,0.061849,1092
999,S4,2,PPG,8,15.659893,15.674446,7.947109,1143
999,S4,2,ACCx,8,12.842881,49.063157,0.069328,1143
999,S4,2,ACCy,8,16.186506,143.254762,0.091619,1143
999,S4,2,ACCz,8,17.049795,57.663411,0.071174,1143
999,S5,2,PPG,8,12.202402,12.225331,10.556157,1163
999,S5,2,ACCx,8,15.724473,49.310476,0.082193,1163
999,S5,2,ACCy,8,25.028787,71.842249,0.101097,1163
999,S5,2,ACCz,8,22.045397,59.943858,0.081812,1163
999,S6,2,PPG,8,11.99159,12.004212,8.549808,656
999,S6,2,ACCx,8,15.300267,70.845487,0.092319,656
999,S6,2,ACCy,8,18.958022,189.720488,0.111281,656
999,S6,2,ACCz,8,22.304473,127.450962,0.08903,656
999,S7,3,PPG,8,10.88467,10.894263,5.629307,1167
999,S7,3,ACCx,8,9.952238,68.25267,0.051365,1167
999,S7,3,ACCy,8,14.367346,463.499717,0.078778,1167
999,S7,3,ACCz,8,16.967067,77.836597,0.053289,1167
999,S8,3,PPG,8,14.903458,14.92429,5.732343,1010
999,S8,3,ACCx,8,9.890403,56.444629,0.054155,1010
999,S8,3,ACCy,8,16.133424,111.871551,0.082666,1010
999,S8,3,ACCz,8,12.801026,51.81179,0.056776,1010
999,S9,3,PPG,8,16.188385,16.20935,10.433505,1070
999,S9,3,ACCx,8,12.04335,62.863077,0.069416,1070
999,S9,3,ACCy,8,16.781162,324.374873,0.092842,1070
999,S9,3,ACCz,8,15.412626,103.776396,0.0706,1070
999,S10,4,PPG,8,12.40751,12.422035,6.088106,1331
999,S10,4,ACCx,8,11.136393,58.69804,0.062231,1331
999,S10,4,ACCy,8,23.073924,465.545313,0.082182,1331
999,S10,4,ACCz,8,19.809098,51.596873,0.067652,1331
999,S11,4,PPG,8,10.948494,10.959322,7.853292,1131
999,S11,4,ACCx,8,16.326687,366.355647,0.074463,1131
999,S11,4,ACCy,8,20.700188,680.034584,0.092149,1130
999,S11,4,ACCz,8,19.138429,77.63909,0.073899,1131
999,S12,4,PPG,8,7.575594,7.586042,8.920161,989
999,S12,4,ACCx,8,22.858406,83.365725,0.071373,989
999,S12,4,ACCy,8,30.336038,1353.89147,0.093377,988
999,S12,4,ACCz,8,17.868829,119.604293,0.08197,989
999,S13,5,PPG,8,10.713794,10.720724,9.118329,1142
999,S13,5,ACCx,8,13.19495,65.838292,0.066455,1142
999,S13,5,ACCy,8,17.458603,264.074558,0.077669,1142
999,S13,5,ACCz,8,16.581279,94.990765,0.068096,1142
999,S14,5,PPG,8,8.520156,8.530321,8.427754,1119
999,S14,5,ACCx,8,11.466147,75.81176,0.05678,1119
999,S14,5,ACCy,8,20.979106,1513.593711,0.073505,1119
999,S14,5,ACCz,8,15.056064,91.016344,0.057482,1119
999,S15,5,PPG,8,11.681486,11.698383,4.751925,992
999,S15,5,ACCx,8,9.513756,88.287282,0.064733,992
999,S15,5,ACCy,8,17.614073,337.035931,0.076604,992
999,S15,5,ACCz,8,20.227204,99.781794,0.059808,992
