seed,channel,metric,n_subjects,mean,std
42,PPG,PRD (%),15,13.294924,3.605417
42,PPG,PRDN (%),15,13.310588,3.609884
42,PPG,RMSE,15,8.291215,2.583638
42,ACCx,PRD (%),15,13.10679,3.186609
42,ACCx,PRDN (%),15,85.212842,56.141624
42,ACCx,RMSE,15,0.066402,0.011287
42,ACCy,PRD (%),15,19.150628,2.94458
42,ACCy,PRDN (%),15,590.963553,602.289578
42,ACCy,RMSE,15,0.083966,0.010485
42,ACCz,PRD (%),15,16.873502,3.09072
42,ACCz,PRDN (%),15,80.642107,23.337915
42,ACCz,RMSE,15,0.067315,0.009834
123,PPG,PRD (%),15,12.056983,2.988665
123,PPG,PRDN (%),15,12.071099,2.991852
123,PPG,RMSE,15,7.490927,1.837673
123,ACCx,PRD (%),15,13.059161,3.15525
123,ACCx,PRDN (%),15,82.76904,55.324109
123,ACCx,RMSE,15,0.066045,0.01104
123,ACCy,PRD (%),15,19.147613,4.249049
123,ACCy,PRDN (%),15,516.24415,540.574591
123,ACCy,RMSE,15,0.084374,0.010885
123,ACCz,PRD (%),15,16.797017,3.230043
123,ACCz,PRDN (%),15,79.869194,24.685935
123,ACCz,RMSE,15,0.067053,0.010461
999,PPG,PRD (%),15,12.132011,2.804709
999,PPG,PRDN (%),15,12.146225,2.807619
999,PPG,RMSE,15,7.551141,1.784341
999,ACCx,PRD (%),15,13.092823,3.316085
999,ACCx,PRDN (%),15,85.800298,75.851707
999,ACCx,RMSE,15,0.065791,0.010848
999,ACCy,PRD (%),15,19.426029,3.97239
999,ACCy,PRDN (%),15,530.60149,479.205387
999,ACCy,RMSE,15,0.085028,0.011268
999,ACCz,PRD (%),15,16.900574,3.236079
999,ACCz,PRDN (%),15,81.986964,24.086409
999,ACCz,RMSE,15,0.067373,0.010372
