method,comparison_type,db,channel,n_subjects,prd_mean,prd_std,prdn_mean,prdn_std,rmse_mean,rmse_std
AE,equal_byte,2,ACCx,15,26.845579713621273,8.324858944474137,236.470398927708,206.66056889551106,0.13073463489154352,0.020499691317924028
AE,equal_byte,2,ACCy,15,45.37645143329694,18.240045487646988,2133.170376080265,2554.468540766563,0.1539510548496912,0.016469125480520024
AE,equal_byte,2,ACCz,15,33.276022155760984,5.2183678941392175,179.7806411741246,52.89797440588948,0.12389112014752607,0.01653253018227807
AE,equal_byte,2,PPG,15,45.659605663352444,8.626440398732504,45.717399642588774,8.637059413043165,28.877606237344185,7.376500051406825
AE,equal_byte,4,ACCx,15,19.77063388810983,5.255668011058147,139.04793331514318,88.33183337786527,0.09841834739542195,0.016400038622620346
AE,equal_byte,4,ACCy,15,28.198970488324804,5.869746734394034,1035.5875679924732,1093.3577631374396,0.11851398705243528,0.01392096850726657
AE,equal_byte,4,ACCz,15,25.49725182372974,4.47876462338061,131.97697248092143,50.05558338167178,0.09864666058549885,0.01463083873485422
AE,equal_byte,4,PPG,15,19.883553030042386,4.5634918492574394,19.906815111287568,4.568071380061411,12.516286668487783,3.567111373392224
AE,equal_byte,8,ACCx,15,13.096903104124575,3.2709952762902725,91.015631161272,68.45048808730947,0.06642810618764369,0.011631705031322938
AE,equal_byte,8,ACCy,15,19.083381306655735,2.886617088027907,587.0258624794459,628.7167796536022,0.08390478911630492,0.010872156696782277
AE,equal_byte,8,ACCz,15,16.88292766546622,3.1693129336737087,78.43488971606402,19.660550957167835,0.067304951761137,0.01011038188504596
AE,equal_byte,8,PPG,15,13.292490149039025,3.7396943253099617,13.308107545253614,3.7441956250679658,8.289634333827571,2.6733861463894586
AE,equal_byte,16,ACCx,15,5.2938643239008805,1.4708120975262997,64.93856364458922,62.66186486728066,0.025117778271049874,0.0032651949295466665
AE,equal_byte,16,ACCy,15,15.421283265995694,2.9303486125501,437.51743612291864,459.00327151004313,0.06646906340882382,0.009838896198390627
AE,equal_byte,16,ACCz,15,10.15835323911102,2.0502460730118406,59.651110466814515,19.922961117856225,0.04216995662103266,0.0068878842350078295
AE,equal_byte,16,PPG,15,8.125865193547144,2.2630764312626725,8.135405034523549,2.265621023094645,4.894439873337249,1.0939228977141546
DCT,equal_byte,2,ACCx,15,20.403512101704113,5.4067660989741535,67.42303971043623,5.166256621128509,0.10343061254088003,0.017594880661257823
DCT,equal_byte,2,ACCy,15,23.94817664861991,3.226305431641739,81.38763728805637,16.409729870019653,0.11493099377435403,0.016492656221917507
DCT,equal_byte,2,ACCz,15,26.135574476961626,4.550212895237674,68.05103618095809,4.87217163835996,0.10157621820034507,0.016199593464287187
DCT,equal_byte,2,PPG,15,31.966984845802585,7.308207680406758,32.004922294878256,7.314335843480676,20.35441490088765,4.018224684980942
DCT,equal_byte,4,ACCx,15,15.228055717892545,4.013456002468924,52.410403708444534,4.171332001802363,0.07730081144413078,0.013293753866220155
DCT,equal_byte,4,ACCy,15,19.514461876984694,2.88583392041285,65.90279004834859,10.407764172056071,0.09193698463405844,0.014224275046570393
DCT,equal_byte,4,ACCz,15,20.08734123923063,3.6248043210534053,54.82060737865777,4.369151711769198,0.07884587599292482,0.013143270596781154
DCT,equal_byte,4,PPG,15,19.62318562630735,5.854213939836115,19.646095237899434,5.85941999841243,12.051060294689595,2.2118095040652532
DCT,equal_byte,8,ACCx,15,9.79177296509442,2.562529098114545,34.37471404963333,2.8427124355494486,0.04978610558491661,0.008509969795435465
DCT,equal_byte,8,ACCy,15,14.861796910993212,2.363881931012675,50.56861225946554,3.8079621805324786,0.06759290551529203,0.011116910710513007
DCT,equal_byte,8,ACCz,15,13.62683488782474,2.5656781062617116,38.50609986781872,3.1195308702946134,0.054190976115747594,0.009377746680205173
DCT,equal_byte,8,PPG,15,11.56881943089774,3.9178036815813546,11.582199722130595,3.9213983428591326,6.896342116906942,1.274311333714991
DCT,equal_byte,16,ACCx,15,4.646714016672105,1.220132511964324,16.791175489062095,1.4608636726793813,0.023491428205517105,0.0038722969027837934
DCT,equal_byte,16,ACCy,15,9.599243451074068,1.6663455849740458,34.62645975838625,3.1362030225491253,0.04128021428183688,0.006922010311268065
DCT,equal_byte,16,ACCz,15,6.9203221598895635,1.3650452655913947,20.2190044682949,1.621311933808668,0.027840309057563295,0.005007818434645156
DCT,equal_byte,16,PPG,15,5.820427519885127,2.0921296423548785,5.827117381331586,2.0941333671062137,3.4041007842870674,0.6084778846283597
